Timestamp,T_Zone_PPO,Power_kW_PPO,Reward,Es_Feriado
2021-11-05 00:00:00,25.743282,8.205547332763672,-0.01620528,0
2021-11-05 01:00:00,24.09131,8.447958946228027,-0.027844423,0
2021-11-05 02:00:00,25.624468,8.056697845458984,-0.01620528,0
2021-11-05 03:00:00,24.08533,8.636770248413086,-0.03269564,0
2021-11-05 04:00:00,23.999933,13.572952270507812,-0.19708803,0
2021-11-05 05:00:00,23.999327,14.646625518798828,-0.21728286,0
2021-11-05 06:00:00,23.995413,21.198131561279297,-0.14970519,0
2021-11-05 07:00:00,24.503286,30.700441360473633,-0.09855675,0
2021-11-05 08:00:00,25.254862,37.778446197509766,-0.10357196,0
2021-11-05 09:00:00,25.844805,41.63929748535156,-0.18787405,0
2021-11-05 10:00:00,26.535154,41.957027435302734,-0.21032672,0
2021-11-05 11:00:00,26.341627,42.82244873046875,-0.20654488,0
2021-11-05 12:00:00,26.600689,41.67794418334961,-0.23814443,0
2021-11-05 13:00:00,26.751066,42.168251037597656,-0.26540115,0
2021-11-05 14:00:00,26.739502,39.54556655883789,-0.26326492,0
2021-11-05 15:00:00,27.453121,32.184932708740234,-0.40671337,0
2021-11-05 16:00:00,26.15154,17.123703002929688,-0.10824042,0
2021-11-05 17:00:00,25.070705,10.20824146270752,-0.037728265,0
2021-11-05 18:00:00,24.71809,11.220643043518066,-0.110567816,0
2021-11-05 19:00:00,24.400309,11.885692596435547,-0.14300656,0
2021-11-05 20:00:00,24.175425,8.626690864562988,-0.04309624,0
2021-11-05 21:00:00,26.057566,7.988892555236816,-0.017211435,0
2021-11-05 22:00:00,24.125427,8.128159523010254,-0.022516377,0
2021-11-05 23:00:00,25.810255,8.080326080322266,-0.01308015,0
2021-11-12 00:00:00,26.345547,8.124520301818848,-0.028429715,0
2021-11-12 01:00:00,24.171698,8.349662780761719,-0.024567885,0
2021-11-12 02:00:00,26.091751,7.975671291351318,-0.014556681,0
2021-11-12 03:00:00,24.136942,8.360075950622559,-0.023472507,0
2021-11-12 04:00:00,25.982607,8.065443992614746,-0.013504398,0
2021-11-12 05:00:00,24.194904,8.980081558227539,-0.028398052,0
2021-11-12 06:00:00,24.01571,18.07581329345703,-0.045627896,0
2021-11-12 07:00:00,25.305262,29.609954833984375,-0.062207192,0
2021-11-12 08:00:00,26.072737,37.9550895690918,-0.1101214,0
2021-11-12 09:00:00,26.655787,41.630516052246094,-0.24133833,0
2021-11-12 10:00:00,27.124899,40.98011016845703,-0.30013883,0
2021-11-12 11:00:00,27.955769,42.68583297729492,-0.66553116,0
2021-11-12 12:00:00,28.03887,38.40447998046875,-0.60354936,0
2021-11-12 13:00:00,28.424332,38.548160552978516,-0.808892,0
2021-11-12 14:00:00,28.539337,36.67057800292969,-0.9051032,0
2021-11-12 15:00:00,28.4293,36.81797409057617,-1.0348904,0
2021-11-12 16:00:00,28.500015,17.51287841796875,-0.8996018,0
2021-11-12 17:00:00,26.24934,10.08426570892334,-0.041367054,0
2021-11-12 18:00:00,25.92801,10.286837577819824,-0.07944098,0
2021-11-12 19:00:00,25.531187,10.274367332458496,-0.0892957,0
2021-11-12 20:00:00,25.179316,10.357708930969238,-0.10079685,0
2021-11-12 21:00:00,24.973827,8.92335033416748,-0.04794581,0
2021-11-12 22:00:00,26.962667,7.884596347808838,-0.1302387,0
2021-11-12 23:00:00,24.288567,8.289813041687012,-0.020063043,0
2021-11-19 00:00:00,26.12607,8.12452220916748,-0.015491156,0
2021-11-19 01:00:00,24.184721,8.450613975524902,-0.027932905,0
2021-11-19 02:00:00,25.976858,8.056697845458984,-0.01620528,0
2021-11-19 03:00:00,24.17584,8.478918075561523,-0.027433932,0
2021-11-19 04:00:00,25.765667,8.146470069885254,-0.01620528,0
2021-11-19 05:00:00,24.069262,8.940583229064941,-0.027081445,0
2021-11-19 06:00:00,23.999243,23.00458335876465,-0.20992026,0
2021-11-19 07:00:00,24.564524,30.103647232055664,-0.07866366,0
2021-11-19 08:00:00,25.17453,37.579139709472656,-0.096928366,0
2021-11-19 09:00:00,25.941912,39.91179275512695,-0.13029064,0
2021-11-19 10:00:00,26.57236,41.00470733642578,-0.18373337,0
2021-11-19 11:00:00,27.240862,42.307559967041016,-0.36726052,0
2021-11-19 12:00:00,27.382118,38.794673919677734,-0.3357133,0
2021-11-19 13:00:00,27.749079,39.269859313964844,-0.48068523,0
2021-11-19 14:00:00,27.512012,42.54353332519531,-0.58061194,0
2021-11-19 15:00:00,27.250437,36.73674774169922,-0.48994443,0
2021-11-19 16:00:00,27.517563,21.030071258544922,-0.5234567,0
2021-11-19 17:00:00,25.416368,10.153341293334961,-0.035898257,0
2021-11-19 18:00:00,25.205534,11.470479965209961,-0.118895724,0
2021-11-19 19:00:00,24.800272,10.539772987365723,-0.09814255,0
2021-11-19 20:00:00,24.593393,11.267101287841797,-0.13110992,0
2021-11-19 21:00:00,24.346096,8.710746765136719,-0.040859018,0
2021-11-19 22:00:00,26.360104,7.884596347808838,-0.030606937,0
2021-11-19 23:00:00,24.210102,8.36056900024414,-0.022421556,0
2021-11-26 00:00:00,26.076887,8.205547332763672,-0.016944233,0
2021-11-26 01:00:00,24.16934,8.420948028564453,-0.026944036,0
2021-11-26 02:00:00,25.92715,8.056697845458984,-0.01620528,0
2021-11-26 03:00:00,24.147491,8.458945274353027,-0.02676815,0
2021-11-26 04:00:00,25.737938,8.146470069885254,-0.01620528,0
2021-11-26 05:00:00,24.080254,9.105937957763672,-0.032593295,0
2021-11-26 06:00:00,23.998941,18.18821907043457,-0.049374763,0
2021-11-26 07:00:00,25.167828,29.69367218017578,-0.06499777,0
2021-11-26 08:00:00,25.697529,38.719234466552734,-0.13493155,0
2021-11-26 09:00:00,26.367426,41.555702209472656,-0.20196286,0
2021-11-26 10:00:00,26.842438,42.37880325317383,-0.27729988,0
2021-11-26 11:00:00,27.041739,42.47513198852539,-0.3160314,0
2021-11-26 12:00:00,27.202524,40.189369201660156,-0.3241799,0
2021-11-26 13:00:00,27.34678,40.650047302246094,-0.37100917,0
2021-11-26 14:00:00,27.234898,39.44886779785156,-0.38230515,0
2021-11-26 15:00:00,26.969542,36.53190612792969,-0.4051688,0
2021-11-26 16:00:00,26.176022,17.236438751220703,-0.1130006,0
2021-11-26 17:00:00,25.475725,10.506308555603027,-0.047663856,0
2021-11-26 18:00:00,25.08183,11.294775009155273,-0.11303888,0
2021-11-26 19:00:00,24.780405,10.578978538513184,-0.0994494,0
2021-11-26 20:00:00,24.65325,11.487552642822266,-0.13845831,0
2021-11-26 21:00:00,24.396248,11.755852699279785,-0.14236255,0
2021-11-26 22:00:00,26.411171,7.884596347808838,-0.035530303,0
2021-11-26 23:00:00,24.219034,8.497126579284668,-0.026973495,0
2021-12-03 00:00:00,26.479568,8.12452220916748,-0.04225269,0
2021-12-03 01:00:00,24.195932,8.448301315307617,-0.027855828,0
2021-12-03 02:00:00,26.20437,7.975671291351318,-0.01872531,0
2021-12-03 03:00:00,24.259674,8.595306396484375,-0.031313542,0
2021-12-03 04:00:00,26.074068,8.146470069885254,-0.01689104,0
2021-12-03 05:00:00,24.178993,9.08154582977295,-0.031780213,0
2021-12-03 06:00:00,23.99766,24.29802703857422,-0.25303504,0
2021-12-03 07:00:00,24.596521,31.61679458618164,-0.12910186,0
2021-12-03 08:00:00,25.16667,40.22822570800781,-0.1852313,0
2021-12-03 09:00:00,25.69618,41.70058059692383,-0.1899169,0
2021-12-03 10:00:00,26.168678,42.48854446411133,-0.19580176,0
2021-12-03 11:00:00,26.446701,42.337738037109375,-0.20074183,0
2021-12-03 12:00:00,26.464417,41.669715881347656,-0.21972707,0
2021-12-03 13:00:00,26.48211,44.987144470214844,-0.3179055,0
2021-12-03 14:00:00,26.40971,39.64512688939166,-0.5209828,0
2021-12-03 15:00:00,26.116932,36.586456298828125,-0.2911949,0
2021-12-03 16:00:00,25.848541,16.492839813232422,-0.08434105,0
2021-12-03 17:00:00,24.837837,11.885706901550293,-0.09364379,0
2021-12-03 18:00:00,24.505215,11.317020416259766,-0.11378039,0
2021-12-03 19:00:00,24.330618,16.95488739013672,-0.31197968,0
2021-12-03 20:00:00,24.138657,11.61098861694336,-0.14257284,0
2021-12-03 21:00:00,24.460281,8.612067222595215,-0.037569698,0
2021-12-03 22:00:00,25.99692,7.956584453582764,-0.01679721,0
2021-12-03 23:00:00,24.15854,8.515901565551758,-0.027599316,0
2021-12-10 00:00:00,25.781286,8.205548286437988,-0.01620534,0
2021-12-10 01:00:00,24.113731,8.641822814941406,-0.034306534,0
2021-12-10 02:00:00,25.63577,8.056697845458984,-0.01620528,0
2021-12-10 03:00:00,24.090601,8.675811767578125,-0.033997037,0
2021-12-10 04:00:00,25.56818,8.268009185791016,-0.020256598,0
2021-12-10 05:00:00,24.035473,9.184001922607422,-0.035195414,0
2021-12-10 06:00:00,23.997509,24.296573638916016,-0.2529866,0
2021-12-10 07:00:00,24.951641,29.936140060424805,-0.07308008,0
2021-12-10 08:00:00,25.61453,38.74321746826172,-0.13573098,0
2021-12-10 09:00:00,26.355818,40.35752487182617,-0.16097409,0
2021-12-10 10:00:00,26.919907,42.57891845703125,-0.30103615,0
2021-12-10 11:00:00,28.162775,40.51490020751953,-0.69973737,0
2021-12-10 12:00:00,26.798092,40.345394134521484,-0.2282415,0
2021-12-10 13:00:00,27.862314,39.96190643310547,-0.55487067,0
2021-12-10 14:00:00,27.59415,38.1694221496582,-0.46670002,0
2021-12-10 15:00:00,28.202549,33.97332000732422,-0.80878395,0
2021-12-10 16:00:00,27.740757,16.696502685546875,-0.46990913,0
2021-12-10 17:00:00,25.727087,10.8204345703125,-0.058134712,0
2021-12-10 18:00:00,25.206553,10.687268257141113,-0.09278866,0
2021-12-10 19:00:00,24.808268,10.886945724487305,-0.109714985,0
2021-12-10 20:00:00,24.612593,11.910346984863281,-0.15255144,0
2021-12-10 21:00:00,24.378365,8.884286880493164,-0.0466437,0
2021-12-10 22:00:00,26.422434,7.884596347808838,-0.036703903,0
2021-12-10 23:00:00,24.315123,8.430625915527344,-0.024756813,0
2021-12-17 00:00:00,26.49032,8.12452220916748,-0.043556187,0
2021-12-17 01:00:00,24.198809,8.38126277923584,-0.025621213,0
2021-12-17 02:00:00,26.253551,7.975671291351318,-0.021540442,0
2021-12-17 03:00:00,24.160137,8.362380981445312,-0.023549335,0
2021-12-17 04:00:00,26.057178,8.146470069885254,-0.016613951,0
2021-12-17 05:00:00,24.23803,8.963690757751465,-0.027851706,0
2021-12-17 06:00:00,24.038046,18.65852928161621,-0.06505179,0
2021-12-17 07:00:00,25.36403,29.99691390991211,-0.07510586,0
2021-12-17 08:00:00,25.979204,38.85919189453125,-0.1395968,0
2021-12-17 09:00:00,26.685236,40.2809944152832,-0.20129089,0
2021-12-17 10:00:00,27.26252,42.525611877441406,-0.39272532,0
2021-12-17 11:00:00,27.888783,42.720497131347656,-0.63449526,0
2021-12-17 12:00:00,27.807474,40.31724548339844,-0.5560547,0
2021-12-17 13:00:00,28.102554,40.788795471191406,-0.70149875,0
2021-12-17 14:00:00,27.904167,42.56587600708008,-0.74881554,0
2021-12-17 15:00:00,27.797224,36.776790618896484,-0.699582,0
2021-12-17 16:00:00,28.230652,21.102975845336914,-0.8599882,0
2021-12-17 17:00:00,25.932467,10.525200843811035,-0.048293576,0
2021-12-17 18:00:00,25.65157,10.944272994995117,-0.10135549,0
2021-12-17 19:00:00,25.267532,10.962252616882324,-0.1122252,0
2021-12-17 20:00:00,25.044731,10.362617492675781,-0.10096046,0
2021-12-17 21:00:00,24.727818,8.801732063293457,-0.04389186,0
2021-12-17 22:00:00,26.717026,7.884596347808838,-0.07866335,0
2021-12-17 23:00:00,24.233664,8.32548713684082,-0.021252163,0
2021-12-24 00:00:00,27.697037,8.066645622253418,-0.37156695,0
2021-12-24 01:00:00,24.9387,8.559185981750488,-0.031551976,0
2021-12-24 02:00:00,27.305943,7.917795658111572,-0.22476095,0
2021-12-24 03:00:00,24.77951,8.528566360473633,-0.029088855,0
2021-12-24 04:00:00,27.011715,8.007567405700684,-0.13952109,0
2021-12-24 05:00:00,24.543741,9.006195068359375,-0.029268505,0
2021-12-24 06:00:00,24.993212,19.176437377929688,-0.08231535,0
2021-12-24 07:00:00,26.137907,30.14266586303711,-0.082341515,0
2021-12-24 08:00:00,26.928373,39.01711654663086,-0.25259554,0
2021-12-24 09:00:00,27.468779,41.80534744262695,-0.4630729,0
2021-12-24 10:00:00,28.5713,41.19827651977539,-0.9756845,0
2021-12-24 11:00:00,29.293404,42.8181266784668,-1.5476255,0
2021-12-24 12:00:00,28.810638,40.37910842895508,-1.1372075,0
2021-12-24 13:00:00,28.79127,42.329017639160156,-1.1741456,0
2021-12-24 14:00:00,28.882458,42.733062744140625,-1.3397272,0
2021-12-24 15:00:00,28.477762,36.895599365234375,-1.0672036,0
2021-12-24 16:00:00,28.967651,18.7945556640625,-1.2619342,0
2021-12-24 17:00:00,27.246756,11.440265655517578,-0.2730957,0
2021-12-24 18:00:00,26.599472,11.297709465026855,-0.15805754,0
2021-12-24 19:00:00,26.088486,11.666659355163574,-0.13668413,0
2021-12-24 20:00:00,25.569956,11.25967025756836,-0.13086222,0
2021-12-24 21:00:00,25.362928,8.865436553955078,-0.046015352,0
2021-12-24 22:00:00,27.502975,7.884596347808838,-0.29676452,0
2021-12-24 23:00:00,24.615383,8.447586059570312,-0.02532213,0
2021-12-31 00:00:00,25.99622,8.205548286437988,-0.01620534,0
2021-12-31 01:00:00,24.15157,8.640663146972656,-0.0342679,0
2021-12-31 02:00:00,25.640972,8.178237915039062,-0.020256598,0
2021-12-31 03:00:00,24.039837,8.790010452270508,-0.037803657,0
2021-12-31 04:00:00,25.48094,8.268009185791016,-0.020256598,0
2021-12-31 05:00:00,24.047958,9.351547241210938,-0.04078025,0
2021-12-31 06:00:00,24.036758,24.522491455078125,-0.26051715,0
2021-12-31 07:00:00,24.472399,31.702011108398438,-0.13194245,0
2021-12-31 08:00:00,25.12916,40.23487854003906,-0.18545295,0
2021-12-31 09:00:00,25.449606,44.17155838012695,-0.2722828,0
2021-12-31 10:00:00,25.69588,43.20139884367223,-0.5,0
2021-12-31 11:00:00,27.069296,41.18879699707031,-0.28042537,0
2021-12-31 12:00:00,26.63973,40.38823318481445,-0.2012075,0
2021-12-31 13:00:00,26.822882,39.89897155761719,-0.20388779,0
2021-12-31 14:00:00,26.791763,39.620689392089844,-0.27577215,0
2021-12-31 15:00:00,26.515032,36.72206497192383,-0.32716328,0
2021-12-31 16:00:00,26.678883,15.742976188659668,-0.11695578,0
2021-12-31 17:00:00,24.768667,10.672089576721191,-0.053189874,0
2021-12-31 18:00:00,24.622269,13.080665588378906,-0.17256854,0
2021-12-31 19:00:00,24.47176,12.309745788574219,-0.15714163,0
2021-12-31 20:00:00,24.27718,16.259353637695312,-0.29751834,0
2021-12-31 21:00:00,24.479504,8.638586044311523,-0.038453653,0
2021-12-31 22:00:00,26.24593,7.956584453582764,-0.024357388,0
2021-12-31 23:00:00,24.207481,8.564090728759766,-0.02920562,0
2022-01-07 00:00:00,25.581257,8.205548286437988,-0.01620534,0
2022-01-07 01:00:00,24.073177,8.732218742370605,-0.03731973,0
2022-01-07 02:00:00,25.505823,8.178237915039062,-0.020256598,0
2022-01-07 03:00:00,24.034359,8.77776050567627,-0.037395325,0
2022-01-07 04:00:00,25.411484,8.268009185791016,-0.020256598,0
2022-01-07 05:00:00,24.02681,9.255730628967285,-0.037586376,0
2022-01-07 06:00:00,23.998531,23.604272842407227,-0.2299099,0
2022-01-07 07:00:00,23.9898,42.22552490234375,-0.48272622,0
2022-01-07 08:00:00,24.013771,39.77181625366211,-0.17001766,0
2022-01-07 09:00:00,24.167034,41.11973571777344,-0.17055531,0
2022-01-07 10:00:00,24.465485,40.60016632080078,-0.12929922,0
2022-01-07 11:00:00,25.083677,42.14442443847656,-0.16935535,0
2022-01-07 12:00:00,25.480131,41.55489730834961,-0.18893942,0
2022-01-07 13:00:00,26.285795,39.873260498046875,-0.12859881,0
2022-01-07 14:00:00,26.152613,39.64512688939166,-0.5029113,0
2022-01-07 15:00:00,26.09769,36.72175216674805,-0.29518855,0
2022-01-07 16:00:00,26.901424,18.638519287109375,-0.25743446,0
2022-01-07 17:00:00,24.31797,10.45317268371582,-0.04589266,0
2022-01-07 18:00:00,24.127401,13.124759674072266,-0.17403835,0
2022-01-07 19:00:00,24.002045,17.192928314208984,-0.3199144,0
2022-01-07 20:00:00,23.999142,11.722997665405273,-0.14630647,0
2022-01-07 21:00:00,24.24143,8.82651138305664,-0.044717837,0
2022-01-07 22:00:00,25.634995,8.057367324829102,-0.020156654,0
2022-01-07 23:00:00,24.07679,8.814153671264648,-0.03754106,0
2022-01-14 00:00:00,26.042816,8.205548286437988,-0.016434494,0
2022-01-14 01:00:00,24.13639,8.65114688873291,-0.034617342,0
2022-01-14 02:00:00,25.906141,8.056697845458984,-0.01620528,0
2022-01-14 03:00:00,24.146795,8.834883689880371,-0.039299436,0
2022-01-14 04:00:00,25.765074,8.146470069885254,-0.01620528,0
2022-01-14 05:00:00,24.12326,9.371591567993164,-0.04144841,0
2022-01-14 06:00:00,24.21459,24.016237258911133,-0.24364205,0
2022-01-14 07:00:00,24.038513,35.18119812011719,-0.24791536,0
2022-01-14 08:00:00,24.392605,39.855838775634766,-0.17281832,0
2022-01-14 09:00:00,24.453728,41.13384246826172,-0.17102556,0
2022-01-14 10:00:00,25.013577,42.354881286621094,-0.18778983,0
2022-01-14 11:00:00,25.591614,42.222679138183594,-0.1719639,0
2022-01-14 12:00:00,25.351109,40.25426483154297,-0.14558505,0
2022-01-14 13:00:00,25.534733,45.067848205566406,-0.29154196,0
2022-01-14 14:00:00,25.461353,42.378299713134766,-0.2893314,0
2022-01-14 15:00:00,25.60435,32.825744937105846,-0.5,0
2022-01-14 16:00:00,25.380753,16.445823669433594,-0.08277388,0
2022-01-14 17:00:00,24.281534,11.388620376586914,-0.077074245,0
2022-01-14 18:00:00,23.995989,16.949121475219727,-0.3015171,0
2022-01-14 19:00:00,23.99741,16.13372802734375,-0.2846077,0
2022-01-14 20:00:00,23.999643,15.476481437683105,-0.2714226,0
2022-01-14 21:00:00,24.324978,8.72559928894043,-0.041354083,0
2022-01-14 22:00:00,25.624119,8.057367324829102,-0.020156654,0
2022-01-14 23:00:00,24.068634,8.723118782043457,-0.03450655,0
2022-01-21 00:00:00,25.784416,8.205548286437988,-0.01620534,0
2022-01-21 01:00:00,24.113987,8.775689125061035,-0.03876875,0
2022-01-21 02:00:00,25.656221,8.178237915039062,-0.020256598,0
2022-01-21 03:00:00,24.0492,8.859308242797852,-0.040113587,0
2022-01-21 04:00:00,25.571346,8.146470069885254,-0.01620528,0
2022-01-21 05:00:00,24.087084,9.29088020324707,-0.038758013,0
2022-01-21 06:00:00,23.996555,24.238664627075195,-0.25105628,0
2022-01-21 07:00:00,25.146679,30.54880142211914,-0.093502134,0
2022-01-21 08:00:00,25.54723,38.90505599975586,-0.14112566,0
2022-01-21 09:00:00,26.265207,41.92236328125,-0.2061015,0
2022-01-21 10:00:00,26.939384,41.197357177734375,-0.25951102,0
2022-01-21 11:00:00,28.36483,40.5236930847168,-0.81438357,0
2022-01-21 12:00:00,27.648808,40.39118957519531,-0.48996997,0
2022-01-21 13:00:00,27.770552,40.82767105102539,-0.54205936,0
2022-01-21 14:00:00,27.73892,38.20488739013672,-0.5281981,0
2022-01-21 15:00:00,27.48216,36.92129898071289,-0.57524717,0
2022-01-21 16:00:00,27.172062,15.318967819213867,-0.21692812,0
2022-01-21 17:00:00,25.060436,10.658970832824707,-0.0527526,0
2022-01-21 18:00:00,24.830997,13.347463607788086,-0.18146183,0
2022-01-21 19:00:00,24.636156,11.008783340454102,-0.11377623,0
2022-01-21 20:00:00,24.451187,17.186241149902344,-0.32841456,0
2022-01-21 21:00:00,24.651354,8.794381141662598,-0.043646824,0
2022-01-21 22:00:00,26.371336,7.956584453582764,-0.03403351,0
2022-01-21 23:00:00,24.181551,8.552679061889648,-0.02882523,0
2022-01-28 00:00:00,26.033655,8.205548286437988,-0.016346924,0
2022-01-28 01:00:00,24.17485,8.709551811218262,-0.036564168,0
2022-01-28 02:00:00,25.923817,8.056697845458984,-0.01620528,0
2022-01-28 03:00:00,24.12618,8.724184036254883,-0.035609454,0
2022-01-28 04:00:00,25.747837,8.146470069885254,-0.01620528,0
2022-01-28 05:00:00,24.100279,9.277531623840332,-0.03831306,0
2022-01-28 06:00:00,23.997938,23.80221176147461,-0.23650785,0
2022-01-28 07:00:00,24.262047,32.68397903442383,-0.16467468,0
2022-01-28 08:00:00,24.016447,39.83073043823242,-0.17198142,0
2022-01-28 09:00:00,24.23045,41.238624572753906,-0.17451838,0
2022-01-28 10:00:00,24.211445,41.96044921875,-0.17464203,0
2022-01-28 11:00:00,25.09788,42.0547981262207,-0.16636787,0
2022-01-28 12:00:00,25.053543,41.29582595825195,-0.18030372,0
2022-01-28 13:00:00,25.36194,40.664634704589844,-0.14476812,0
2022-01-28 14:00:00,25.574575,38.07589340209961,-0.14591794,0
2022-01-28 15:00:00,25.632599,33.7274169921875,-0.19418448,0
2022-01-28 16:00:00,25.835815,16.44355010986328,-0.08269802,0
2022-01-28 17:00:00,24.172195,10.741365432739258,-0.055499077,0
2022-01-28 18:00:00,24.007818,12.630059242248535,-0.15754837,0
2022-01-28 19:00:00,23.998083,16.088241577148438,-0.2830915,0
2022-01-28 20:00:00,23.998869,15.730891227722168,-0.2799029,0
2022-01-28 21:00:00,24.221857,8.751324653625488,-0.0422116,0
2022-01-28 22:00:00,25.586285,8.057367324829102,-0.020156654,0
2022-01-28 23:00:00,24.07338,8.834365844726562,-0.0382148,0
2022-02-04 00:00:00,25.822365,8.205548286437988,-0.01620534,0
2022-02-04 01:00:00,24.095015,8.610093116760254,-0.03324889,0
2022-02-04 02:00:00,25.415102,8.178237915039062,-0.020256598,0
2022-02-04 03:00:00,24.122892,8.741742134094238,-0.036194727,0
2022-02-04 04:00:00,25.262625,8.268009185791016,-0.020256598,0
2022-02-04 05:00:00,24.029919,9.73272705078125,-0.05348625,0
2022-02-04 06:00:00,24.000368,23.660564422607422,-0.23178631,0
2022-02-04 07:00:00,24.117298,32.14863586425781,-0.1468299,0
2022-02-04 08:00:00,24.001987,41.98580551147461,-0.24381727,0
2022-02-04 09:00:00,23.995033,40.981929779052734,-0.1659618,0
2022-02-04 10:00:00,24.16736,40.800048828125,-0.13596207,0
2022-02-04 11:00:00,25.164625,42.267669677734375,-0.17346361,0
2022-02-04 12:00:00,24.876001,40.003273010253906,-0.13721862,0
2022-02-04 13:00:00,25.222834,40.721736907958984,-0.14667155,0
2022-02-04 14:00:00,24.966877,39.32916259765625,-0.18769354,0
2022-02-04 15:00:00,25.044939,33.45904541015625,-0.18523866,0
2022-02-04 16:00:00,25.343124,16.231632232666016,-0.075634144,0
2022-02-04 17:00:00,24.210787,11.423019409179688,-0.07822089,0
2022-02-04 18:00:00,24.003256,17.182640075683594,-0.30930102,0
2022-02-04 19:00:00,23.998348,16.162307739257812,-0.2855604,0
2022-02-04 20:00:00,23.999626,15.449363708496094,-0.2705187,0
2022-02-04 21:00:00,24.19328,9.011582374572754,-0.050886855,0
2022-02-04 22:00:00,25.355574,8.208542823791504,-0.025195813,0
2022-02-04 23:00:00,24.038816,9.06116008758545,-0.04577461,0
2022-02-11 00:00:00,25.13724,8.327088356018066,-0.020256674,0
2022-02-11 01:00:00,24.0293,9.096749305725098,-0.04947076,0
2022-02-11 02:00:00,25.056305,8.178237915039062,-0.020256598,0
2022-02-11 03:00:00,24.024818,9.051520347595215,-0.046520673,0
2022-02-11 04:00:00,24.932533,8.470575332641602,-0.027008796,0
2022-02-11 05:00:00,24.016304,9.738141059875488,-0.053666722,0
2022-02-11 06:00:00,23.999788,23.21596908569336,-0.21696645,0
2022-02-11 07:00:00,23.992395,34.7515754699707,-0.23359457,0
2022-02-11 08:00:00,23.993692,39.818359375,-0.17156899,0
2022-02-11 09:00:00,24.261387,41.50005340576172,-0.18323264,0
2022-02-11 10:00:00,24.611174,45.23078918457031,-0.28365344,0
2022-02-11 11:00:00,25.26436,40.91966247558594,-0.12852994,0
2022-02-11 12:00:00,25.13404,41.64326477050781,-0.19188504,0
2022-02-11 13:00:00,25.177021,40.55671691894531,-0.14117083,0
2022-02-11 14:00:00,25.322464,39.580116271972656,-0.19605869,0
2022-02-11 15:00:00,25.051794,32.825744937105846,-0.5,0
2022-02-11 16:00:00,25.386984,16.387514114379883,-0.0808302,0
2022-02-11 17:00:00,24.189125,11.437028884887695,-0.078687854,0
2022-02-11 18:00:00,24.04973,18.212514877319336,-0.34363022,0
2022-02-11 19:00:00,24.000156,10.713099479675293,-0.103920095,0
2022-02-11 20:00:00,23.998873,16.2828311920166,-0.29830092,0
2022-02-11 21:00:00,24.210154,8.8904390335083,-0.046848744,0
2022-02-11 22:00:00,25.45091,8.057367324829102,-0.020156654,0
2022-02-11 23:00:00,24.036577,8.891024589538574,-0.040103413,0
2022-02-18 00:00:00,25.590254,8.205548286437988,-0.01620534,0
2022-02-18 01:00:00,24.053055,8.619125366210938,-0.033549942,0
2022-02-18 02:00:00,25.488752,8.056697845458984,-0.01620528,0
2022-02-18 03:00:00,24.038147,8.693392753601074,-0.034583066,0
2022-02-18 04:00:00,25.408852,8.146470069885254,-0.01620528,0
2022-02-18 05:00:00,24.047733,9.578675270080566,-0.0483512,0
2022-02-18 06:00:00,23.996765,24.371700286865234,-0.25549084,0
2022-02-18 07:00:00,24.282555,35.215450286865234,-0.24905707,0
2022-02-18 08:00:00,24.485323,42.513427734375,-0.26140472,0
2022-02-18 09:00:00,24.10954,43.655242919921875,-0.25507227,0
2022-02-18 10:00:00,24.794096,42.572139739990234,-0.19503173,0
2022-02-18 11:00:00,26.169596,40.43631362915039,-0.11601373,0
2022-02-18 12:00:00,25.300772,41.772979736328125,-0.19620886,0
2022-02-18 13:00:00,25.782898,39.87419891357422,-0.118420236,0
2022-02-18 14:00:00,25.68163,42.574424743652344,-0.295869,0
2022-02-18 15:00:00,25.653938,36.7852783203125,-0.29611313,0
2022-02-18 16:00:00,26.504766,16.699596405029297,-0.1230816,0
2022-02-18 17:00:00,24.194368,10.51229476928711,-0.04786338,0
2022-02-18 18:00:00,24.020262,13.256388664245605,-0.178426,0
2022-02-18 19:00:00,24.001799,12.484089851379395,-0.16295311,0
2022-02-18 20:00:00,24.000319,12.233108520507812,-0.16331019,0
2022-02-18 21:00:00,24.209404,8.832615852355957,-0.044921324,0
2022-02-18 22:00:00,25.69508,7.956584453582764,-0.01679721,0
2022-02-18 23:00:00,24.112776,8.827832221984863,-0.037996992,0
2022-02-25 00:00:00,25.343744,8.327088356018066,-0.020256674,0
2022-02-25 01:00:00,24.027813,8.881239891052246,-0.042287108,0
2022-02-25 02:00:00,25.249424,8.178237915039062,-0.020256598,0
2022-02-25 03:00:00,24.024712,8.864645957946777,-0.040291525,0
2022-02-25 04:00:00,25.176336,8.268009185791016,-0.020256598,0
2022-02-25 05:00:00,24.13817,9.885786056518555,-0.058588233,0
2022-02-25 06:00:00,23.995686,24.63031005859375,-0.26411113,0
2022-02-25 07:00:00,24.117876,29.859346389770508,-0.070520274,0
2022-02-25 08:00:00,24.802666,38.07038879394531,-0.113303326,0
2022-02-25 09:00:00,25.315855,41.726993560791016,-0.19079731,0
2022-02-25 10:00:00,25.56202,42.641334533691406,-0.19733825,0
2022-02-25 11:00:00,27.389458,39.94900131225586,-0.3374987,0
2022-02-25 12:00:00,25.92916,40.365867614746094,-0.14930503,0
2022-02-25 13:00:00,26.114948,39.9011344909668,-0.120969795,0
2022-02-25 14:00:00,26.348589,38.2443733215332,-0.16672316,0
2022-02-25 15:00:00,26.344704,36.99409484863281,-0.31792632,0
2022-02-25 16:00:00,27.620914,16.72641372680664,-0.42054734,0
2022-02-25 17:00:00,24.641127,10.349796295166016,-0.042446755,0
2022-02-25 18:00:00,24.450415,10.267227172851562,-0.078787304,0
2022-02-25 19:00:00,24.157871,13.161148071289062,-0.18552174,0
2022-02-25 20:00:00,24.043388,18.399066925048828,-0.3688421,0
2022-02-25 21:00:00,24.099443,8.867597579956055,-0.046087388,0
2022-02-25 22:00:00,26.00887,7.884596347808838,-0.014407442,0
2022-02-25 23:00:00,24.188484,8.731301307678223,-0.03477931,0
2022-03-04 00:00:00,25.908833,8.12452220916748,-0.013504449,0
2022-03-04 01:00:00,24.104559,8.561701774597168,-0.031635854,0
2022-03-04 02:00:00,25.723175,7.975671291351318,-0.013504398,0
2022-03-04 03:00:00,24.107244,8.734128952026367,-0.03594094,0
2022-03-04 04:00:00,25.602175,8.146470069885254,-0.01620528,0
2022-03-04 05:00:00,24.060677,9.340071678161621,-0.04039773,0
2022-03-04 06:00:00,23.995823,24.92157554626465,-0.27381998,0
2022-03-04 07:00:00,24.015654,33.05139923095703,-0.17692205,0
2022-03-04 08:00:00,24.13213,38.55176544189453,-0.12934928,0
2022-03-04 09:00:00,24.675665,41.74311065673828,-0.1913345,0
2022-03-04 10:00:00,25.039278,45.462162017822266,-0.2913658,0
2022-03-04 11:00:00,25.890366,42.645362854003906,-0.18605334,0
2022-03-04 12:00:00,25.68221,40.35576629638672,-0.14896844,0
2022-03-04 13:00:00,25.962109,39.89932632446289,-0.11925792,0
2022-03-04 14:00:00,25.93418,42.71323013305664,-0.3004958,0
2022-03-04 15:00:00,25.813152,32.825744937105846,-0.5,0
2022-03-04 16:00:00,26.952711,15.961969375610352,-0.18010268,0
2022-03-04 17:00:00,24.42398,10.54394245147705,-0.048918303,0
2022-03-04 18:00:00,24.13996,13.395647048950195,-0.18306798,0
2022-03-04 19:00:00,24.284086,10.965280532836914,-0.11232614,0
2022-03-04 20:00:00,24.03459,16.714736938476562,-0.31269777,0
2022-03-04 21:00:00,24.31955,8.760631561279297,-0.042521823,0
2022-03-04 22:00:00,25.778059,7.956584453582764,-0.01679721,0
2022-03-04 23:00:00,24.113718,8.79720401763916,-0.036976073,0
2022-03-11 00:00:00,24.951197,8.529655456542969,-0.027008899,0
2022-03-11 01:00:00,24.017443,8.988569259643555,-0.04586474,0
2022-03-11 02:00:00,24.920311,8.380803108215332,-0.027008796,0
2022-03-11 03:00:00,24.026566,9.497580528259277,-0.061389342,0
2022-03-11 04:00:00,24.77228,8.470575332641602,-0.027008796,0
2022-03-11 05:00:00,24.01771,9.997077941894531,-0.06229796,0
2022-03-11 06:00:00,23.998037,23.35381317138672,-0.22156124,0
2022-03-11 07:00:00,24.133347,34.47808837890625,-0.22447829,0
2022-03-11 08:00:00,24.207207,39.46907424926758,-0.15992627,0
2022-03-11 09:00:00,24.048656,41.26432800292969,-0.17537518,0
2022-03-11 10:00:00,24.488262,41.038211822509766,-0.14390075,0
2022-03-11 11:00:00,26.628588,39.47139358520508,-0.12964469,0
2022-03-11 12:00:00,25.094656,40.34992218017578,-0.14877352,0
2022-03-11 13:00:00,25.290844,41.82716751098633,-0.18351921,0
2022-03-11 14:00:00,25.341408,42.58464813232422,-0.29620966,0
2022-03-11 15:00:00,25.262234,32.825744937105846,-0.5,0
2022-03-11 16:00:00,25.940634,17.219457626342773,-0.10856161,0
2022-03-11 17:00:00,24.119366,10.727836608886719,-0.055048123,0
2022-03-11 18:00:00,23.994387,17.81798553466797,-0.33047923,0
2022-03-11 19:00:00,23.997057,17.214120864868164,-0.3206208,0
2022-03-11 20:00:00,23.99948,15.846181869506836,-0.28374594,0
2022-03-11 21:00:00,24.1474,8.961915016174316,-0.04923128,0
2022-03-11 22:00:00,25.211132,8.208542823791504,-0.025195813,0
2022-03-11 23:00:00,24.03153,9.07577133178711,-0.04626165,0
2022-03-18 00:00:00,24.12696,8.732675552368164,-0.033776224,0
2022-03-18 01:00:00,25.63642,8.0177583694458,-0.013504398,0
2022-03-18 02:00:00,24.066952,8.53285026550293,-0.032077037,0
2022-03-18 03:00:00,25.52808,8.06103229522705,-0.013504398,0
2022-03-18 04:00:00,24.088425,8.94058609008789,-0.042675823,0
2022-03-18 05:00:00,23.996237,16.570158004760742,-0.2814006,0
2022-03-18 06:00:00,24.209887,19.93980598449707,-0.10776102,0
2022-03-18 07:00:00,24.5591,29.903182983398438,-0.07198146,0
2022-03-18 08:00:00,25.364822,36.87565231323242,-0.073478796,0
2022-03-18 09:00:00,25.78582,41.901702880859375,-0.19662087,0
2022-03-18 10:00:00,27.2365,40.15718078613281,-0.3056496,0
2022-03-18 11:00:00,26.248093,43.0327033996582,-0.20665848,0
2022-03-18 12:00:00,26.82173,38.88774108886719,-0.18443912,0
2022-03-18 13:00:00,27.085094,38.5783805847168,-0.22240502,0
2022-03-18 14:00:00,27.428106,35.97359085083008,-0.33077708,0
2022-03-18 15:00:00,28.724401,30.810625076293945,-1.0247535,0
2022-03-18 16:00:00,26.258112,15.627092361450195,-0.063810535,0
2022-03-18 17:00:00,25.44654,10.465812683105469,-0.046313997,0
2022-03-18 18:00:00,24.99615,11.131410598754883,-0.107593395,0
2022-03-18 19:00:00,24.63761,11.713350296020508,-0.1372618,0
2022-03-18 20:00:00,24.475945,13.32986831665039,-0.19986883,0
2022-03-18 21:00:00,26.355764,7.916904449462891,-0.030218646,0
2022-03-18 22:00:00,24.161348,8.332300186157227,-0.029321069,0
2022-03-18 23:00:00,26.037786,7.9682111740112305,-0.009521442,0
2022-03-25 00:00:00,24.027372,9.193678855895996,-0.04914301,0
2022-03-25 01:00:00,25.045937,8.422890663146973,-0.027008796,0
2022-03-25 02:00:00,24.022335,9.055874824523926,-0.049511172,0
2022-03-25 03:00:00,24.971912,8.466164588928223,-0.027008796,0
2022-03-25 04:00:00,24.019136,9.331497192382812,-0.055706196,0
2022-03-25 05:00:00,23.996637,15.16661262512207,-0.23461576,0
2022-03-25 06:00:00,23.993324,21.677825927734375,-0.165695,0
2022-03-25 07:00:00,24.20434,29.517908096313477,-0.059139002,0
2022-03-25 08:00:00,24.5852,38.044700622558594,-0.1124471,0
2022-03-25 09:00:00,25.19505,41.888092041015625,-0.19616729,0
2022-03-25 10:00:00,26.721483,39.5627555847168,-0.15978622,0
2022-03-25 11:00:00,25.567463,43.028785705566406,-0.19883409,0
2022-03-25 12:00:00,26.274904,38.88772201538086,-0.10948009,0
2022-03-25 13:00:00,26.562672,38.89971160888672,-0.12551223,0
2022-03-25 14:00:00,26.583153,37.308197021484375,-0.16283643,0
2022-03-25 15:00:00,27.943077,30.78606605529785,-0.5680829,0
2022-03-25 16:00:00,25.28733,15.550708770751953,-0.05293669,0
2022-03-25 17:00:00,24.52105,10.183761596679688,-0.036912292,0
2022-03-25 18:00:00,24.077852,10.995631217956543,-0.103067435,0
2022-03-25 19:00:00,24.001896,10.328052520751953,-0.09108522,0
2022-03-25 20:00:00,23.999622,8.784889221191406,-0.048369516,0
2022-03-25 21:00:00,25.73632,7.916904449462891,-0.014397609,0
2022-03-25 22:00:00,24.073408,8.323149681091309,-0.029016044,0
2022-03-25 23:00:00,25.593649,8.014925956726074,-0.010900124,0
2022-04-01 00:00:00,24.026737,9.095613479614258,-0.045874167,0
2022-04-01 01:00:00,24.98387,8.220324516296387,-0.020256598,0
2022-04-01 02:00:00,24.055527,8.946017265319824,-0.04584925,0
2022-04-01 03:00:00,24.99128,8.263598442077637,-0.020256598,0
2022-04-01 04:00:00,24.020674,9.301759719848633,-0.05471493,0
2022-04-01 05:00:00,24.000702,15.083259582519531,-0.23183732,0
2022-04-01 06:00:00,23.992884,21.656639099121094,-0.16498877,0
2022-04-01 07:00:00,24.097721,34.59208679199219,-0.22827822,0
2022-04-01 08:00:00,24.000868,41.44527053833008,-0.22579937,0
2022-04-01 09:00:00,23.995975,42.880218505859375,-0.22923805,0
2022-04-01 10:00:00,23.996311,49.802677154541016,-0.4360496,0
2022-04-01 11:00:00,24.21246,42.069427490234375,-0.16685547,0
2022-04-01 12:00:00,24.014912,43.49884796142578,-0.25373775,0
2022-04-01 13:00:00,24.111036,44.32978057861328,-0.26693973,0
2022-04-01 14:00:00,24.18669,37.985145568847656,-0.14289296,0
2022-04-01 15:00:00,24.615177,33.110328674316406,-0.17361486,0
2022-04-01 16:00:00,24.031008,18.173768997192383,-0.14037204,0
2022-04-01 17:00:00,23.99615,17.322837829589844,-0.27488148,0
2022-04-01 18:00:00,23.997025,15.727611541748047,-0.26080012,0
2022-04-01 19:00:00,23.998587,15.2990083694458,-0.25678372,0
2022-04-01 20:00:00,24.163816,9.203985214233398,-0.062339388,0
2022-04-01 21:00:00,24.970917,8.240850448608398,-0.025195813,0
2022-04-01 22:00:00,24.021786,8.749567031860352,-0.04322995,0
2022-04-01 23:00:00,24.841654,8.34192943572998,-0.021800248,0
2022-04-08 00:00:00,24.107672,8.65496826171875,-0.031185977,0
2022-04-08 01:00:00,25.614876,8.0177583694458,-0.013504398,0
2022-04-08 02:00:00,24.05513,8.476097106933594,-0.030185264,0
2022-04-08 03:00:00,25.453249,8.06103229522705,-0.013504398,0
2022-04-08 04:00:00,24.06132,8.857122421264648,-0.039893687,0
2022-04-08 05:00:00,23.999376,12.433960914611816,-0.14352737,0
2022-04-08 06:00:00,23.996077,21.67757797241211,-0.16568673,0
2022-04-08 07:00:00,24.34004,30.198383331298828,-0.08182148,0
2022-04-08 08:00:00,24.816813,38.13201141357422,-0.11535741,0
2022-04-08 09:00:00,25.458263,41.882965087890625,-0.19599637,0
2022-04-08 10:00:00,27.070087,39.585575103759766,-0.23861548,0
2022-04-08 11:00:00,26.164717,43.02235794067383,-0.20201129,0
2022-04-08 12:00:00,26.596924,39.492713928222656,-0.1647397,0
2022-04-08 13:00:00,26.51781,39.89879608154297,-0.15275623,0
2022-04-08 14:00:00,26.458698,37.275604248046875,-0.14554206,0
2022-04-08 15:00:00,27.568428,31.483667373657227,-0.42688859,0
2022-04-08 16:00:00,25.706224,16.14999771118164,-0.07291298,0
2022-04-08 17:00:00,25.18014,10.790831565856934,-0.05714795,0
2022-04-08 18:00:00,24.575058,12.309090614318848,-0.14684941,0
2022-04-08 19:00:00,24.129068,9.92154312133789,-0.07753491,0
2022-04-08 20:00:00,24.180124,13.240300178527832,-0.19688322,0
2022-04-08 21:00:00,25.96352,7.988892555236816,-0.01679721,0
2022-04-08 22:00:00,24.12572,8.45531940460205,-0.0334217,0
2022-04-08 23:00:00,25.750376,8.014925956726074,-0.010900124,0
2022-04-15 00:00:00,24.112541,8.617666244506836,-0.029942606,0
2022-04-15 01:00:00,25.521856,8.0177583694458,-0.013504398,0
2022-04-15 02:00:00,24.037575,8.5650634765625,-0.033150814,0
2022-04-15 03:00:00,25.409674,8.06103229522705,-0.013504398,0
2022-04-15 04:00:00,24.03347,8.695516586303711,-0.03450684,0
2022-04-15 05:00:00,23.997831,16.123390197753906,-0.26650834,0
2022-04-15 06:00:00,24.161285,21.61461639404297,-0.16358805,0
2022-04-15 07:00:00,24.003752,30.105175018310547,-0.07871459,0
2022-04-15 08:00:00,24.581755,38.139434814453125,-0.11560488,0
2022-04-15 09:00:00,24.969007,41.83441162109375,-0.19437785,0
2022-04-15 10:00:00,25.904728,40.94719314575195,-0.14086688,0
2022-04-15 11:00:00,25.42155,45.94276428222656,-0.29596677,0
2022-04-15 12:00:00,25.669981,40.35929870605469,-0.14908613,0
2022-04-15 13:00:00,25.863909,39.93104934692383,-0.120315306,0
2022-04-15 14:00:00,25.934393,39.75981140136719,-0.20204853,0
2022-04-15 15:00:00,28.06994,29.99277114868164,-0.605278,0
2022-04-15 16:00:00,26.189087,16.18767547607422,-0.078638144,0
2022-04-15 17:00:00,24.291864,10.198213577270508,-0.037394024,0
2022-04-15 18:00:00,24.175028,13.898589134216309,-0.1998327,0
2022-04-15 19:00:00,24.012499,11.380117416381836,-0.12615402,0
2022-04-15 20:00:00,24.07486,8.711654663085938,-0.045928393,0
2022-04-15 21:00:00,25.7448,7.916904449462891,-0.014397609,0
2022-04-15 22:00:00,24.071459,8.241147994995117,-0.026282674,0
2022-04-15 23:00:00,25.562424,8.014925956726074,-0.010900124,0
2022-04-22 00:00:00,24.031118,8.822906494140625,-0.03678393,0
2022-04-22 01:00:00,25.351873,8.098785400390625,-0.01620528,0
2022-04-22 02:00:00,24.033707,8.83767032623291,-0.042237706,0
2022-04-22 03:00:00,25.253807,8.142059326171875,-0.01620528,0
2022-04-22 04:00:00,24.035614,9.173421859741211,-0.05043699,0
2022-04-22 05:00:00,24.049799,16.527381896972656,-0.2799747,0
2022-04-22 06:00:00,24.292116,22.114017486572266,-0.18023473,0
2022-04-22 07:00:00,24.52181,30.465900421142578,-0.090738766,0
2022-04-22 08:00:00,24.99819,37.169376373291016,-0.08326967,0
2022-04-22 09:00:00,25.478842,40.415367126464844,-0.1470764,0
2022-04-22 10:00:00,27.021944,39.58137130737305,-0.22588563,0
2022-04-22 11:00:00,26.208477,43.03120422363281,-0.20434755,0
2022-04-22 12:00:00,26.293247,39.44133377075195,-0.12923652,0
2022-04-22 13:00:00,25.788027,42.20831298828125,-0.19622402,0
2022-04-22 14:00:00,25.803282,39.59123611450195,-0.1964293,0
2022-04-22 15:00:00,26.138474,32.572669982910156,-0.1580897,0
2022-04-22 16:00:00,24.357458,15.957520484924316,-0.066497065,0
2022-04-22 17:00:00,24.176638,10.549467086791992,-0.049102455,0
2022-04-22 18:00:00,24.008802,13.13143253326416,-0.17426081,0
2022-04-22 19:00:00,23.999939,12.082998275756836,-0.1495834,0
2022-04-22 20:00:00,24.162725,8.581779479980469,-0.041599218,0
2022-04-22 21:00:00,25.393297,7.988892555236816,-0.01679721,0
2022-04-22 22:00:00,24.034016,8.39967155456543,-0.03156678,0
2022-04-22 23:00:00,25.221872,8.080326080322266,-0.01308015,0
2022-04-29 00:00:00,24.02588,9.203557968139648,-0.049472332,0
2022-04-29 01:00:00,24.958025,8.422890663146973,-0.027008796,0
2022-04-29 02:00:00,24.018717,9.034706115722656,-0.048805546,0
2022-04-29 03:00:00,24.956314,8.466164588928223,-0.027008796,0
2022-04-29 04:00:00,24.018505,9.399085998535156,-0.057959147,0
2022-04-29 05:00:00,23.996157,15.497577667236328,-0.2456479,0
2022-04-29 06:00:00,23.991367,24.081401824951172,-0.24581414,0
2022-04-29 07:00:00,24.21198,32.915138244628906,-0.17238006,0
2022-04-29 08:00:00,24.21033,40.24748229980469,-0.18587309,0
2022-04-29 09:00:00,24.387684,44.376155853271484,-0.2791027,0
2022-04-29 10:00:00,26.342043,39.42264938354492,-0.10467292,0
2022-04-29 11:00:00,24.878876,41.537071228027344,-0.14911026,0
2022-04-29 12:00:00,25.366095,41.85576629638672,-0.1989684,0
2022-04-29 13:00:00,25.503662,39.904876708984375,-0.1194429,0
2022-04-29 14:00:00,25.424683,38.17518615722656,-0.14922768,0
2022-04-29 15:00:00,26.547571,31.34682846069336,-0.15231076,0
2022-04-29 16:00:00,24.204704,15.5516939163208,-0.05296952,0
2022-04-29 17:00:00,24.00159,11.802562713623047,-0.09087232,0
2022-04-29 18:00:00,23.996885,12.704051971435547,-0.16001481,0
2022-04-29 19:00:00,23.99795,16.980100631713867,-0.31282014,0
2022-04-29 20:00:00,24.152945,8.78883171081543,-0.048500944,0
2022-04-29 21:00:00,25.334589,8.089675903320312,-0.020156654,0
2022-04-29 22:00:00,24.024837,8.52149772644043,-0.03562766,0
2022-04-29 23:00:00,25.154037,8.178427696228027,-0.016350187,0
2022-05-06 00:00:00,24.027184,8.707344055175781,-0.032931834,0
2022-05-06 01:00:00,25.342737,8.098785400390625,-0.01620528,0
2022-05-06 02:00:00,24.023901,8.541763305664062,-0.032374118,0
2022-05-06 03:00:00,25.266512,8.142059326171875,-0.01620528,0
2022-05-06 04:00:00,24.028135,8.983715057373047,-0.04411343,0
2022-05-06 05:00:00,24.048363,15.72087287902832,-0.2530911,0
2022-05-06 06:00:00,24.18096,21.79115104675293,-0.16947249,0
2022-05-06 07:00:00,24.238249,30.00146484375,-0.075257525,0
2022-05-06 08:00:00,25.03463,37.59605026245117,-0.09749212,0
2022-05-06 09:00:00,25.305706,41.8720588684082,-0.19563279,0
2022-05-06 10:00:00,26.91929,39.57560729980469,-0.20078424,0
2022-05-06 11:00:00,25.574352,41.467227935791016,-0.14678214,0
2022-05-06 12:00:00,26.3303,39.467071533203125,-0.13298243,0
2022-05-06 13:00:00,26.418957,39.90155029296875,-0.14127263,0
2022-05-06 14:00:00,26.251043,39.620113372802734,-0.20526971,0
2022-05-06 15:00:00,28.324718,29.976289749145508,-0.74468637,0
2022-05-06 16:00:00,26.439644,16.614452362060547,-0.11255561,0
2022-05-06 17:00:00,24.504839,10.273085594177246,-0.039889738,0
2022-05-06 18:00:00,24.520266,12.158487319946289,-0.1418293,0
2022-05-06 19:00:00,24.100853,10.489747047424316,-0.09647502,0
2022-05-06 20:00:00,24.000423,9.086215019226074,-0.058413725,0
2022-05-06 21:00:00,25.834887,7.916904449462891,-0.014397609,0
2022-05-06 22:00:00,24.082853,8.240631103515625,-0.026265426,0
2022-05-06 23:00:00,25.655743,8.014925956726074,-0.010900124,0
2022-05-13 00:00:00,24.033548,8.832448959350586,-0.03710201,0
2022-05-13 01:00:00,25.42252,8.098785400390625,-0.01620528,0
2022-05-13 02:00:00,24.026937,8.612824440002441,-0.034742817,0
2022-05-13 03:00:00,25.354551,8.142059326171875,-0.01620528,0
2022-05-13 04:00:00,24.031109,9.107462882995605,-0.048238363,0
2022-05-13 05:00:00,23.99634,16.135189056396484,-0.26690167,0
2022-05-13 06:00:00,24.216679,21.76544952392578,-0.16861574,0
2022-05-13 07:00:00,24.162973,33.16550064086914,-0.18072537,0
2022-05-13 08:00:00,24.892298,40.532474517822266,-0.19537291,0
2022-05-13 09:00:00,24.809835,44.75333786010742,-0.29167548,0
2022-05-13 10:00:00,26.468441,39.57044982910156,-0.12240504,0
2022-05-13 11:00:00,26.056032,43.00544738769531,-0.1984486,0
2022-05-13 12:00:00,25.906923,44.71112060546875,-0.29414678,0
2022-05-13 13:00:00,26.144976,42.20733642578125,-0.19881873,0
2022-05-13 14:00:00,26.12354,39.64512688939166,-0.50190777,0
2022-05-13 15:00:00,27.10108,31.463788986206055,-0.2702773,0
2022-05-13 16:00:00,24.949692,15.387969017028809,-0.047512032,0
2022-05-13 17:00:00,24.280495,10.89583969116211,-0.060648203,0
2022-05-13 18:00:00,24.03464,11.745409965515137,-0.12806004,0
2022-05-13 19:00:00,23.998842,18.319313049316406,-0.35746056,0
2022-05-13 20:00:00,24.22451,8.70745849609375,-0.045788515,0
2022-05-13 21:00:00,25.680695,7.988892555236816,-0.01679721,0
2022-05-13 22:00:00,24.092241,8.505863189697266,-0.035106502,0
2022-05-13 23:00:00,25.523207,8.080326080322266,-0.01308015,0
2022-05-20 00:00:00,24.084831,8.687820434570312,-0.032281052,0
2022-05-20 01:00:00,25.530943,8.0177583694458,-0.013504398,0
2022-05-20 02:00:00,24.045914,8.518891334533691,-0.031611726,0
2022-05-20 03:00:00,25.418297,8.06103229522705,-0.013504398,0
2022-05-20 04:00:00,24.06806,8.935274124145508,-0.042498756,0
2022-05-20 05:00:00,24.148457,16.72537612915039,-0.2865745,0
2022-05-20 06:00:00,24.029097,20.79485321044922,-0.13626261,0
2022-05-20 07:00:00,24.497385,30.22148895263672,-0.08259173,0
2022-05-20 08:00:00,25.07295,39.07260513305664,-0.14671056,0
2022-05-20 09:00:00,25.491642,41.888450622558594,-0.19617914,0
2022-05-20 10:00:00,27.095959,39.58101272583008,-0.24546814,0
2022-05-20 11:00:00,26.210873,41.50554656982422,-0.15361793,0
2022-05-20 12:00:00,26.390635,39.41910171508789,-0.13682061,0
2022-05-20 13:00:00,26.64073,40.770050048828125,-0.19959885,0
2022-05-20 14:00:00,26.634857,38.14851379394531,-0.19871898,0
2022-05-20 15:00:00,27.421286,32.6505012512207,-0.41079384,0
2022-05-20 16:00:00,25.717865,16.577754974365234,-0.08717156,0
2022-05-20 17:00:00,24.975115,10.316182136535645,-0.041326296,0
2022-05-20 18:00:00,24.404728,10.978387832641602,-0.10249264,0
2022-05-20 19:00:00,24.09941,10.494882583618164,-0.0966462,0
2022-05-20 20:00:00,24.003672,10.844159126281738,-0.11701185,0
2022-05-20 21:00:00,25.890818,7.916904449462891,-0.014397609,0
2022-05-20 22:00:00,24.094934,8.308832168579102,-0.028538786,0
2022-05-20 23:00:00,25.749924,7.9682111740112305,-0.009342965,0
2022-05-27 00:00:00,24.037601,8.800765991210938,-0.03604592,0
2022-05-27 01:00:00,25.373123,8.220324516296387,-0.020256598,0
2022-05-27 02:00:00,24.028803,8.649970054626465,-0.03598101,0
2022-05-27 03:00:00,25.25459,8.263598442077637,-0.020256598,0
2022-05-27 04:00:00,24.023397,8.988399505615234,-0.04426959,0
2022-05-27 05:00:00,23.997902,15.037494659423828,-0.23031181,0
2022-05-27 06:00:00,23.994509,21.434707641601562,-0.15759102,0
2022-05-27 07:00:00,24.205784,32.726409912109375,-0.16608912,0
2022-05-27 08:00:00,24.420927,39.971168518066406,-0.1766627,0
2022-05-27 09:00:00,24.748156,40.29711151123047,-0.14313453,0
2022-05-27 10:00:00,25.86487,40.7523078918457,-0.13437063,0
2022-05-27 11:00:00,25.528925,41.43085479736328,-0.14556968,0
2022-05-27 12:00:00,25.655111,41.71049118041992,-0.19412592,0
2022-05-27 13:00:00,25.651882,42.73128208299967,-0.5,0
2022-05-27 14:00:00,25.710867,42.50614929199219,-0.29359302,0
2022-05-27 15:00:00,26.289457,31.21039581298828,-0.12075692,0
2022-05-27 16:00:00,24.453987,15.979110717773438,-0.06721673,0
2022-05-27 17:00:00,24.014257,10.969560623168945,-0.0631056,0
2022-05-27 18:00:00,23.999441,12.929546356201172,-0.16753127,0
2022-05-27 19:00:00,23.999146,10.804034233093262,-0.10695126,0
2022-05-27 20:00:00,24.239717,8.780465126037598,-0.04822207,0
2022-05-27 21:00:00,25.552221,8.089675903320312,-0.020156654,0
2022-05-27 22:00:00,24.033863,8.31816577911377,-0.028849933,0
2022-05-27 23:00:00,25.331343,8.080326080322266,-0.01308015,0
2022-06-03 00:00:00,24.032885,8.801533699035645,-0.036071494,0
2022-06-03 01:00:00,25.226603,8.220324516296387,-0.020256598,0
2022-06-03 02:00:00,24.082737,8.617534637451172,-0.034899842,0
2022-06-03 03:00:00,25.13527,8.263598442077637,-0.020256598,0
2022-06-03 04:00:00,24.018543,8.864811897277832,-0.040150013,0
2022-06-03 05:00:00,23.999945,14.749649047851562,-0.22071695,0
2022-06-03 06:00:00,23.99599,20.200780868530273,-0.11646015,0
2022-06-03 07:00:00,23.996956,31.792949676513672,-0.13497372,0
2022-06-03 08:00:00,24.167934,38.81797409057617,-0.13822284,0
2022-06-03 09:00:00,24.49329,41.741554260253906,-0.19128262,0
2022-06-03 10:00:00,26.097364,39.504783630371094,-0.09397149,0
2022-06-03 11:00:00,25.680828,43.014469146728516,-0.19835688,0
2022-06-03 12:00:00,25.948196,41.84590530395508,-0.19863969,0
2022-06-03 13:00:00,26.262688,40.82833480834961,-0.15885036,0
2022-06-03 14:00:00,26.267132,38.20686340332031,-0.15920345,0
2022-06-03 15:00:00,26.882168,32.47867965698242,-0.24983735,0
2022-06-03 16:00:00,24.820938,15.82705020904541,-0.062148057,0
2022-06-03 17:00:00,24.23983,11.246011734008789,-0.072320625,0
2022-06-03 18:00:00,24.211685,10.68042278289795,-0.092560485,0
2022-06-03 19:00:00,24.013323,12.591106414794922,-0.16652033,0
2022-06-03 20:00:00,24.250687,8.783509254455566,-0.048323534,0
2022-06-03 21:00:00,25.544546,8.089675903320312,-0.020156654,0
2022-06-03 22:00:00,24.032804,8.34646987915039,-0.029793374,0
2022-06-03 23:00:00,25.354479,8.080326080322266,-0.01308015,0
2022-06-10 00:00:00,24.021248,8.51585578918457,-0.026548913,0
2022-06-10 01:00:00,25.250607,8.0177583694458,-0.013504398,0
2022-06-10 02:00:00,24.02313,8.436665534973145,-0.028870879,0
2022-06-10 03:00:00,25.1597,8.142059326171875,-0.01620528,0
2022-06-10 04:00:00,24.015509,8.680628776550293,-0.034010578,0
2022-06-10 05:00:00,23.999788,15.127508163452148,-0.23331226,0
2022-06-10 06:00:00,24.07866,21.379905700683594,-0.1557643,0
2022-06-10 07:00:00,24.122278,32.77614212036133,-0.16774683,0
2022-06-10 08:00:00,24.053999,39.91895294189453,-0.17492211,0
2022-06-10 09:00:00,24.30981,40.159706115722656,-0.1385543,0
2022-06-10 10:00:00,24.910948,41.49687957763672,-0.15918969,0
2022-06-10 11:00:00,24.865395,42.80256652832031,-0.19129351,0
2022-06-10 12:00:00,25.121733,44.49677658081055,-0.2870021,0
2022-06-10 13:00:00,25.506052,40.71527862548828,-0.14645629,0
2022-06-10 14:00:00,25.498394,39.55812072753906,-0.19532551,0
2022-06-10 15:00:00,25.416973,32.142112731933594,-0.14134102,0
2022-06-10 16:00:00,24.344625,16.805805206298828,-0.09477322,0
2022-06-10 17:00:00,24.166103,10.502382278442383,-0.047532983,0
2022-06-10 18:00:00,24.317173,11.039533615112305,-0.10453084,0
2022-06-10 19:00:00,24.018414,12.102594375610352,-0.15023659,0
2022-06-10 20:00:00,24.057981,8.676383972167969,-0.044752683,0
2022-06-10 21:00:00,25.408033,7.916904449462891,-0.014397609,0
2022-06-10 22:00:00,24.025139,8.232739448547363,-0.026002388,0
2022-06-10 23:00:00,25.119942,8.080326080322266,-0.01308015,0
2022-06-17 00:00:00,24.021475,8.582259178161621,-0.028762367,0
2022-06-17 01:00:00,25.172277,8.098785400390625,-0.01620528,0
2022-06-17 02:00:00,24.107025,8.586039543151855,-0.033850003,0
2022-06-17 03:00:00,25.120558,8.263598442077637,-0.020256598,0
2022-06-17 04:00:00,24.01786,8.8774995803833,-0.040572938,0
2022-06-17 05:00:00,24.00227,14.828107833862305,-0.22333227,0
2022-06-17 06:00:00,24.078444,21.28693962097168,-0.15266547,0
2022-06-17 07:00:00,24.141668,30.834949493408203,-0.10304035,0
2022-06-17 08:00:00,24.15437,37.40876388549805,-0.0912492,0
2022-06-17 09:00:00,24.680397,40.340667724609375,-0.14458637,0
2022-06-17 10:00:00,26.104855,39.92400360107422,-0.10813481,0
2022-06-17 11:00:00,25.266655,42.92296600341797,-0.1953068,0
2022-06-17 12:00:00,25.636755,39.411842346191406,-0.117504224,0
2022-06-17 13:00:00,25.812714,39.871612548828125,-0.1183341,0
2022-06-17 14:00:00,25.838448,38.13679885864258,-0.14794807,0
2022-06-17 15:00:00,26.825434,31.449691772460938,-0.20342788,0
2022-06-17 16:00:00,25.520588,17.26602554321289,-0.11011388,0
2022-06-17 17:00:00,24.301025,10.166502952575684,-0.036337,0
2022-06-17 18:00:00,24.294043,10.951231002807617,-0.10158743,0
2022-06-17 19:00:00,24.01144,11.123954772949219,-0.11761527,0
2022-06-17 20:00:00,24.102146,8.774760246276855,-0.048031893,0
2022-06-17 21:00:00,25.799633,7.916904449462891,-0.014397609,0
2022-06-17 22:00:00,24.067192,8.249720573425293,-0.026568415,0
2022-06-17 23:00:00,25.483456,8.014925956726074,-0.010900124,0
2022-06-24 00:00:00,24.023176,8.742145538330078,-0.0340919,0
2022-06-24 01:00:00,25.017412,8.220324516296387,-0.020256598,0
2022-06-24 02:00:00,24.022928,8.799132347106934,-0.040953092,0
2022-06-24 03:00:00,24.92627,8.466164588928223,-0.027008796,0
2022-06-24 04:00:00,24.01394,9.136876106262207,-0.049218822,0
2022-06-24 05:00:00,24.002903,14.721589088439941,-0.21978165,0
2022-06-24 06:00:00,23.994564,23.50631332397461,-0.22664458,0
2022-06-24 07:00:00,24.09157,30.710559844970703,-0.09889405,0
2022-06-24 08:00:00,24.251564,38.68333435058594,-0.13373494,0
2022-06-24 09:00:00,24.656275,40.27847671508789,-0.14251336,0
2022-06-24 10:00:00,26.102371,39.95136642456055,-0.10898258,0
2022-06-24 11:00:00,25.308258,42.91592025756836,-0.19507192,0
2022-06-24 12:00:00,25.802567,39.43629837036133,-0.11831945,0
2022-06-24 13:00:00,25.858458,39.2735710144043,-0.09839936,0
2022-06-24 14:00:00,25.876678,38.12722396850586,-0.14762889,0
2022-06-24 15:00:00,27.11928,30.758867263793945,-0.2518312,0
2022-06-24 16:00:00,24.636694,15.589203834533691,-0.054219846,0
2022-06-24 17:00:00,24.193056,10.332442283630371,-0.04186829,0
2022-06-24 18:00:00,24.178019,10.611204147338867,-0.090253204,0
2022-06-24 19:00:00,24.353647,13.032554626464844,-0.18123525,0
2022-06-24 20:00:00,24.049168,8.740711212158203,-0.04689695,0
2022-06-24 21:00:00,25.577202,7.916904449462891,-0.014397609,0
2022-06-24 22:00:00,24.051702,8.148897171020508,-0.023207642,0
2022-06-24 23:00:00,25.386852,8.014925956726074,-0.010900124,0
2022-07-01 00:00:00,24.012424,8.717742919921875,-0.033278488,0
2022-07-01 01:00:00,24.716106,8.220324516296387,-0.020256598,0
2022-07-01 02:00:00,24.011206,8.823111534118652,-0.04175241,0
2022-07-01 03:00:00,24.971216,8.142059326171875,-0.01620528,0
2022-07-01 04:00:00,24.014093,8.887043952941895,-0.04089107,0
2022-07-01 05:00:00,24.001345,14.557022094726562,-0.21429607,0
2022-07-01 06:00:00,23.996984,21.049816131591797,-0.1447613,0
2022-07-01 07:00:00,24.051092,32.31328582763672,-0.1523183,0
2022-07-01 08:00:00,23.998672,39.70180130004883,-0.1676838,0
2022-07-01 09:00:00,24.331976,43.47687911987305,-0.24912676,0
2022-07-01 10:00:00,25.223139,41.62969970703125,-0.16361707,0
2022-07-01 11:00:00,24.102423,42.562191009521484,-0.18328096,0
2022-07-01 12:00:00,24.60068,43.75578689575195,-0.2623024,0
2022-07-01 13:00:00,24.645607,44.52874755859375,-0.27357182,0
2022-07-01 14:00:00,24.809551,42.50880432128906,-0.29368165,0
2022-07-01 15:00:00,26.348476,30.63604164123535,-0.10631807,0
2022-07-01 16:00:00,24.158339,15.34618091583252,-0.046119075,0
2022-07-01 17:00:00,24.005054,13.595221519470215,-0.1506276,0
2022-07-01 18:00:00,23.99979,12.235892295837402,-0.14440946,0
2022-07-01 19:00:00,23.99942,15.449844360351562,-0.2618116,0
2022-07-01 20:00:00,24.129993,8.470659255981445,-0.0378952,0
2022-07-01 21:00:00,25.191767,8.089675903320312,-0.020156654,0
2022-07-01 22:00:00,24.025434,8.354190826416016,-0.030050747,0
2022-07-01 23:00:00,25.016209,8.178427696228027,-0.016350187,0
2022-07-08 00:00:00,24.020807,8.539523124694824,-0.02733783,0
2022-07-08 01:00:00,25.08136,8.098785400390625,-0.01620528,0
2022-07-08 02:00:00,24.021835,8.506221771240234,-0.031189414,0
2022-07-08 03:00:00,25.02118,8.263598442077637,-0.020256598,0
2022-07-08 04:00:00,24.014118,8.788846969604492,-0.037617825,0
2022-07-08 05:00:00,24.000113,14.2982177734375,-0.20566928,0
2022-07-08 06:00:00,23.996717,21.09554672241211,-0.1462857,0
2022-07-08 07:00:00,24.099806,31.366117477416992,-0.12074596,0
2022-07-08 08:00:00,24.25446,39.43510437011719,-0.15879388,0
2022-07-08 09:00:00,24.438408,41.209312438964844,-0.17354122,0
2022-07-08 10:00:00,25.753101,40.098777770996094,-0.112586305,0
2022-07-08 11:00:00,25.20547,41.40921401977539,-0.14484838,0
2022-07-08 12:00:00,25.458736,40.25102233886719,-0.14547691,0
2022-07-08 13:00:00,25.65714,39.245948791503906,-0.09747859,0
2022-07-08 14:00:00,25.671057,37.20832061767578,-0.11699877,0
2022-07-08 15:00:00,26.452955,31.153980255126953,-0.13404924,0
2022-07-08 16:00:00,24.625584,16.014760971069336,-0.06840508,0
2022-07-08 17:00:00,24.282602,10.53418254852295,-0.048592974,0
2022-07-08 18:00:00,24.004923,9.976801872253418,-0.06910645,0
2022-07-08 19:00:00,23.999197,10.751442909240723,-0.10519821,0
2022-07-08 20:00:00,24.033447,8.610464096069336,-0.042555377,0
2022-07-08 21:00:00,25.44892,7.916904449462891,-0.014397609,0
2022-07-08 22:00:00,24.056555,8.117953300476074,-0.022176169,0
2022-07-08 23:00:00,25.26212,8.080326080322266,-0.01308015,0
2022-07-15 00:00:00,24.028637,8.672306060791016,-0.03176393,0
2022-07-15 01:00:00,25.116861,8.220324516296387,-0.020256598,0
2022-07-15 02:00:00,24.019316,8.514649391174316,-0.031470343,0
2022-07-15 03:00:00,25.008625,8.263598442077637,-0.020256598,0
2022-07-15 04:00:00,24.019636,9.072259902954102,-0.047064938,0
2022-07-15 05:00:00,24.001562,14.265768051147461,-0.2045876,0
2022-07-15 06:00:00,23.99655,23.057987213134766,-0.21170035,0
2022-07-15 07:00:00,24.235668,34.62492752075195,-0.22937293,0
2022-07-15 08:00:00,24.040926,39.22541046142578,-0.15180415,0
2022-07-15 09:00:00,24.504288,41.1487922668457,-0.17152396,0
2022-07-15 10:00:00,25.42366,40.67872619628906,-0.131918,0
2022-07-15 11:00:00,25.419441,41.42530822753906,-0.14538488,0
2022-07-15 12:00:00,25.975948,40.30119705200195,-0.14714941,0
2022-07-15 13:00:00,26.303358,39.880096435546875,-0.13012019,0
2022-07-15 14:00:00,26.569164,37.28539276123047,-0.16006142,0
2022-07-15 15:00:00,28.067524,30.793750762939453,-0.63072747,0
2022-07-15 16:00:00,25.539734,15.8237886428833,-0.06203934,0
2022-07-15 17:00:00,24.7461,10.249302864074707,-0.039097,0
2022-07-15 18:00:00,24.31727,11.053166389465332,-0.10498527,0
2022-07-15 19:00:00,24.032722,10.040664672851562,-0.0815056,0
2022-07-15 20:00:00,23.999836,8.818015098571777,-0.049473725,0
2022-07-15 21:00:00,25.674652,7.916904449462891,-0.014397609,0
2022-07-15 22:00:00,24.062954,8.061460494995117,-0.02029309,0
2022-07-15 23:00:00,25.315405,8.080326080322266,-0.01308015,0
2022-07-22 00:00:00,24.018656,8.40306282043457,-0.022789147,0
2022-07-22 01:00:00,25.101635,8.098785400390625,-0.01620528,0
2022-07-22 02:00:00,24.015703,8.323183059692383,-0.02508812,0
2022-07-22 03:00:00,24.981754,8.142059326171875,-0.01620528,0
2022-07-22 04:00:00,24.014414,8.761927604675293,-0.03672052,0
2022-07-22 05:00:00,24.00136,14.333173751831055,-0.2068345,0
2022-07-22 06:00:00,24.047441,21.180259704589844,-0.14910945,0
2022-07-22 07:00:00,24.217855,31.065919876098633,-0.11073941,0
2022-07-22 08:00:00,24.195234,38.276084899902344,-0.12015986,0
2022-07-22 09:00:00,24.263336,39.997711181640625,-0.13315454,0
2022-07-22 10:00:00,24.914137,41.410728454589844,-0.15631804,0
2022-07-22 11:00:00,24.955023,42.74997329711914,-0.18954039,0
2022-07-22 12:00:00,25.155655,40.148193359375,-0.14204927,0
2022-07-22 13:00:00,25.30362,40.579219818115234,-0.14192095,0
2022-07-22 14:00:00,25.275517,38.003379821777344,-0.1435007,0
2022-07-22 15:00:00,25.275843,32.170955657958984,-0.14230235,0
2022-07-22 16:00:00,24.423506,17.678478240966797,-0.123862304,0
2022-07-22 17:00:00,24.14752,10.001626968383789,-0.030841121,0
2022-07-22 18:00:00,24.004705,11.16136360168457,-0.10859184,0
2022-07-22 19:00:00,23.999338,12.101099014282227,-0.15018676,0
2022-07-22 20:00:00,23.999609,8.59837818145752,-0.042152494,0
2022-07-22 21:00:00,25.382244,7.988892555236816,-0.01679721,0
2022-07-22 22:00:00,24.022053,8.08642578125,-0.02112525,0
2022-07-22 23:00:00,25.248783,8.014925956726074,-0.010900124,0
2022-07-29 00:00:00,24.018324,8.425323486328125,-0.023531172,0
2022-07-29 01:00:00,25.129051,7.959882736206055,-0.0115752,0
2022-07-29 02:00:00,24.016102,8.227216720581055,-0.021889228,0
2022-07-29 03:00:00,24.987127,8.06103229522705,-0.013504398,0
2022-07-29 04:00:00,24.008879,8.448436737060547,-0.026270822,0
2022-07-29 05:00:00,23.36728,10.396577835083008,-0.07561462,0
2022-07-29 06:00:00,23.98969,20.107006072998047,-0.11333434,0
2022-07-29 07:00:00,24.045479,29.350383758544922,-0.053554855,0
2022-07-29 08:00:00,24.190893,37.30717849731445,-0.08786304,0
2022-07-29 09:00:00,24.691153,40.3090705871582,-0.14353314,0
2022-07-29 10:00:00,25.559923,40.90519332885742,-0.13946691,0
2022-07-29 11:00:00,25.195332,41.37398910522461,-0.14367422,0
2022-07-29 12:00:00,25.511421,39.369842529296875,-0.116104305,0
2022-07-29 13:00:00,25.760523,39.246055603027344,-0.097482234,0
2022-07-29 14:00:00,25.838484,38.09722137451172,-0.14662889,0
2022-07-29 15:00:00,26.78217,31.427383422851562,-0.19399026,0
2022-07-29 16:00:00,25.412603,17.227134704589844,-0.10881751,0
2022-07-29 17:00:00,24.316162,10.149297714233398,-0.035763487,0
2022-07-29 18:00:00,24.045193,10.641263961791992,-0.09125518,0
2022-07-29 19:00:00,24.177202,11.045943260192871,-0.115014896,0
2022-07-29 20:00:00,24.001562,8.592082977294922,-0.041942645,0
2022-07-29 21:00:00,25.594383,7.916904449462891,-0.014397609,0
2022-07-29 22:00:00,24.05338,8.058324813842773,-0.020188555,0
2022-07-29 23:00:00,25.348417,8.014925956726074,-0.010900124,0
2022-08-05 00:00:00,24.023272,8.574457168579102,-0.028502293,0
2022-08-05 01:00:00,25.192287,8.098785400390625,-0.01620528,0
2022-08-05 02:00:00,24.082747,8.430633544921875,-0.028669808,0
2022-08-05 03:00:00,25.114475,8.142059326171875,-0.01620528,0
2022-08-05 04:00:00,24.015446,8.690215110778809,-0.034330104,0
2022-08-05 05:00:00,24.002077,14.87015151977539,-0.22473371,0
2022-08-05 06:00:00,24.244326,21.12397003173828,-0.14723313,0
2022-08-05 07:00:00,24.007853,30.80943489074707,-0.10218987,0
2022-08-05 08:00:00,24.248325,38.5196647644043,-0.12827921,0
2022-08-05 09:00:00,24.617569,41.609745025634766,-0.18688896,0
2022-08-05 10:00:00,25.466099,42.111385345458984,-0.17967324,0
2022-08-05 11:00:00,25.096636,42.4659538269043,-0.18007301,0
2022-08-05 12:00:00,25.402079,39.342002868652344,-0.1151763,0
2022-08-05 13:00:00,25.7687,38.5173225402832,-0.073191114,0
2022-08-05 14:00:00,25.720425,36.189971923828125,-0.0830538,0
2022-08-05 15:00:00,25.820457,32.17799377441406,-0.14253694,0
2022-08-05 16:00:00,24.777733,16.847156524658203,-0.09615163,0
2022-08-05 17:00:00,24.117874,9.941702842712402,-0.028843658,0
2022-08-05 18:00:00,24.196924,10.347235679626465,-0.08145424,0
2022-08-05 19:00:00,24.191458,10.700614929199219,-0.10350397,0
2022-08-05 20:00:00,24.002188,8.704538345336914,-0.045691166,0
2022-08-05 21:00:00,25.475061,7.916904449462891,-0.014397609,0
2022-08-05 22:00:00,24.040216,8.042196273803711,-0.019650929,0
2022-08-05 23:00:00,25.2637,8.014925956726074,-0.010900124,0
2022-08-12 00:00:00,24.016523,8.464117050170898,-0.024824277,0
2022-08-12 01:00:00,25.018892,8.098785400390625,-0.01620528,0
2022-08-12 02:00:00,24.018557,8.469331741333008,-0.029959757,0
2022-08-12 03:00:00,24.857721,8.263598442077637,-0.020256598,0
2022-08-12 04:00:00,24.009445,8.768592834472656,-0.03694271,0
2022-08-12 05:00:00,23.781853,14.271883010864258,-0.20479146,0
2022-08-12 06:00:00,23.988409,22.85167694091797,-0.20482334,0
2022-08-12 07:00:00,24.089905,29.957136154174805,-0.07377993,0
2022-08-12 08:00:00,24.002644,37.21491241455078,-0.08478753,0
2022-08-12 09:00:00,24.20687,41.03955078125,-0.16788258,0
2022-08-12 10:00:00,24.91799,41.99291229248047,-0.17572409,0
2022-08-12 11:00:00,24.835732,42.825496673583984,-0.19205774,0
2022-08-12 12:00:00,25.17452,39.361427307128906,-0.11582377,0
2022-08-12 13:00:00,25.452913,39.24534606933594,-0.097458474,0
2022-08-12 14:00:00,25.552088,37.210777282714844,-0.11708072,0
2022-08-12 15:00:00,25.887833,32.41419219970703,-0.15041019,0
2022-08-12 16:00:00,24.50956,16.381057739257812,-0.08061497,0
2022-08-12 17:00:00,24.04158,10.322643280029297,-0.041541666,0
2022-08-12 18:00:00,24.173967,11.181374549865723,-0.10925888,0
2022-08-12 19:00:00,24.221678,12.327600479125977,-0.15773681,0
2022-08-12 20:00:00,24.039871,8.6598539352417,-0.044201702,0
2022-08-12 21:00:00,25.506252,7.916904449462891,-0.014397609,0
2022-08-12 22:00:00,24.064846,8.114790916442871,-0.022070749,0
2022-08-12 23:00:00,25.246998,8.080326080322266,-0.01308015,0
2022-08-19 00:00:00,24.02234,8.576350212097168,-0.028565375,0
2022-08-19 01:00:00,25.194515,8.098785400390625,-0.01620528,0
2022-08-19 02:00:00,24.107994,8.544548034667969,-0.03246695,0
2022-08-19 03:00:00,25.071373,8.263598442077637,-0.020256598,0
2022-08-19 04:00:00,24.015839,8.831172943115234,-0.039028693,0
2022-08-19 05:00:00,24.001999,14.5638427734375,-0.2145234,0
2022-08-19 06:00:00,23.996386,21.069339752197266,-0.14541216,0
2022-08-19 07:00:00,23.995821,34.9310302734375,-0.23957646,0
2022-08-19 08:00:00,24.002996,38.37115478515625,-0.123328835,0
2022-08-19 09:00:00,24.341255,40.8181037902832,-0.16050099,0
2022-08-19 10:00:00,24.654818,41.84174346923828,-0.17068523,0
2022-08-19 11:00:00,25.0137,42.51443862915039,-0.18168917,0
2022-08-19 12:00:00,25.191574,40.158756256103516,-0.14240141,0
2022-08-19 13:00:00,25.601389,40.676658630371094,-0.145169,0
2022-08-19 14:00:00,25.515488,39.505889892578125,-0.19358437,0
2022-08-19 15:00:00,25.531435,32.1655158996582,-0.14212102,0
2022-08-19 16:00:00,24.439957,16.49212074279785,-0.08431708,0
2022-08-19 17:00:00,24.035015,10.79151439666748,-0.0571707,0
2022-08-19 18:00:00,24.143106,10.842131614685059,-0.09795077,0
2022-08-19 19:00:00,24.00795,11.786447525024414,-0.13969839,0
2022-08-19 20:00:00,24.237698,8.555861473083496,-0.040735275,0
2022-08-19 21:00:00,25.422338,8.089675903320312,-0.020156654,0
2022-08-19 22:00:00,24.025671,8.220789909362793,-0.025604047,0
2022-08-19 23:00:00,25.152033,8.178427696228027,-0.016350187,0
2022-08-26 00:00:00,24.025328,8.566164016723633,-0.028225847,0
2022-08-26 01:00:00,25.21993,8.098785400390625,-0.01620528,0
2022-08-26 02:00:00,24.019535,8.384922981262207,-0.02714611,0
2022-08-26 03:00:00,25.099192,8.142059326171875,-0.01620528,0
2022-08-26 04:00:00,24.01835,8.798971176147461,-0.0379553,0
2022-08-26 05:00:00,23.935839,14.555368423461914,-0.21424095,0
2022-08-26 06:00:00,23.995043,21.331588745117188,-0.15415378,0
2022-08-26 07:00:00,23.99711,31.431625366210938,-0.122929536,0
2022-08-26 08:00:00,24.1271,37.875450134277344,-0.10680547,0
2022-08-26 09:00:00,24.469025,41.454776763916016,-0.18172342,0
2022-08-26 10:00:00,25.48419,40.33021545410156,-0.12030094,0
2022-08-26 11:00:00,25.491013,42.91339111328125,-0.19498768,0
2022-08-26 12:00:00,25.774647,41.74260711669922,-0.19519635,0
2022-08-26 13:00:00,25.795214,42.73128208299967,-0.5,0
2022-08-26 14:00:00,25.859047,39.64512688939166,-0.5,0
2022-08-26 15:00:00,26.35931,32.47446060180664,-0.16855717,0
2022-08-26 16:00:00,24.52406,15.572196960449219,-0.05365297,0
2022-08-26 17:00:00,24.13015,12.775703430175781,-0.12331033,0
2022-08-26 18:00:00,24.007833,12.619170188903809,-0.15718539,0
2022-08-26 19:00:00,24.000069,12.049175262451172,-0.14845598,0
2022-08-26 20:00:00,24.197289,8.436469078063965,-0.03675552,0
2022-08-26 21:00:00,25.56612,7.988892555236816,-0.01679721,0
2022-08-26 22:00:00,24.067783,8.213177680969238,-0.025350327,0
2022-08-26 23:00:00,25.246723,8.178427696228027,-0.016350187,0
2022-09-02 00:00:00,24.018623,8.473710060119629,-0.02514406,0
2022-09-02 01:00:00,25.09171,8.098785400390625,-0.01620528,0
2022-09-02 02:00:00,24.021439,8.496634483337402,-0.030869827,0
2022-09-02 03:00:00,24.996458,8.263598442077637,-0.020256598,0
2022-09-02 04:00:00,24.012857,8.772258758544922,-0.037064906,0
2022-09-02 05:00:00,23.868223,14.226932525634766,-0.2032931,0
2022-09-02 06:00:00,24.045172,20.91698455810547,-0.14033361,0
2022-09-02 07:00:00,23.99856,30.014616012573242,-0.07569592,0
2022-09-02 08:00:00,24.20892,37.19061279296875,-0.08397748,0
2022-09-02 09:00:00,24.256813,41.01287841796875,-0.16699347,0
2022-09-02 10:00:00,24.351149,41.642852783203125,-0.16405544,0
2022-09-02 11:00:00,24.842628,42.23139572143555,-0.17225444,0
2022-09-02 12:00:00,25.10265,39.22999572753906,-0.11144268,0
2022-09-02 13:00:00,25.326805,39.186546325683594,-0.095498465,0
2022-09-02 14:00:00,25.485403,38.03997802734375,-0.14472067,0
2022-09-02 15:00:00,25.97719,32.027984619140625,-0.13753667,0
2022-09-02 16:00:00,24.883888,18.113725662231445,-0.13837059,0
2022-09-02 17:00:00,24.173717,9.9996919631958,-0.030776618,0
2022-09-02 18:00:00,24.00584,10.969488143920898,-0.102196,0
2022-09-02 19:00:00,23.999153,11.694636344909668,-0.136638,0
2022-09-02 20:00:00,24.027578,8.498857498168945,-0.038835146,0
2022-09-02 21:00:00,25.405222,7.988892555236816,-0.01679721,0
2022-09-02 22:00:00,24.02081,8.067255020141602,-0.020486224,0
2022-09-02 23:00:00,25.086512,8.080326080322266,-0.01308015,0
2022-09-09 00:00:00,24.030983,8.518091201782227,-0.02662341,0
2022-09-09 01:00:00,25.188536,8.098785400390625,-0.01620528,0
2022-09-09 02:00:00,24.01854,8.354832649230957,-0.02614311,0
2022-09-09 03:00:00,25.100983,8.142059326171875,-0.01620528,0
2022-09-09 04:00:00,24.01906,8.792021751403809,-0.037723675,0
2022-09-09 05:00:00,23.999928,14.153501510620117,-0.20084538,0
2022-09-09 06:00:00,23.997389,19.33978843688965,-0.087760426,0
2022-09-09 07:00:00,24.096952,29.922508239746094,-0.07262568,0
2022-09-09 08:00:00,24.218754,37.68601989746094,-0.10049107,0
2022-09-09 09:00:00,24.546833,41.418033599853516,-0.18049861,0
2022-09-09 10:00:00,25.445812,39.762264251708984,-0.10136922,0
2022-09-09 11:00:00,25.219442,42.53559494018555,-0.18239443,0
2022-09-09 12:00:00,25.786942,39.39741134643555,-0.11702324,0
2022-09-09 13:00:00,26.16633,39.89116287231445,-0.122444004,0
2022-09-09 14:00:00,26.154367,38.15798568725586,-0.15163296,0
2022-09-09 15:00:00,27.971487,30.317232131958008,-0.5663567,0
2022-09-09 16:00:00,25.954258,16.16608428955078,-0.07344923,0
2022-09-09 17:00:00,24.47639,10.240869522094727,-0.03881586,0
2022-09-09 18:00:00,24.10363,10.378644943237305,-0.0825012,0
2022-09-09 19:00:00,24.00298,10.553194046020508,-0.09858994,0
2022-09-09 20:00:00,24.113617,8.587546348571777,-0.041791424,0
2022-09-09 21:00:00,25.69173,7.916904449462891,-0.014397609,0
2022-09-09 22:00:00,24.068686,8.033239364624023,-0.019352384,0
2022-09-09 23:00:00,25.432024,8.014925956726074,-0.010900124,0
2022-09-16 00:00:00,24.025234,8.4979887008667,-0.025953345,0
2022-09-16 01:00:00,25.28444,8.098785400390625,-0.01620528,0
2022-09-16 02:00:00,24.021374,8.338116645812988,-0.025585907,0
2022-09-16 03:00:00,25.123726,8.142059326171875,-0.01620528,0
2022-09-16 04:00:00,24.018972,8.753692626953125,-0.036446046,0
2022-09-16 05:00:00,23.421638,10.284358024597168,-0.07187395,0
2022-09-16 06:00:00,23.989418,19.96279525756836,-0.108527325,0
2022-09-16 07:00:00,24.13243,31.258195877075195,-0.11714859,0
2022-09-16 08:00:00,24.17681,38.38167953491211,-0.123679675,0
2022-09-16 09:00:00,24.837927,41.497955322265625,-0.18316267,0
2022-09-16 10:00:00,25.993229,40.79426574707031,-0.1357693,0
2022-09-16 11:00:00,26.039663,42.988365173339844,-0.19768338,0
2022-09-16 12:00:00,26.469517,40.363670349121094,-0.17678757,0
2022-09-16 13:00:00,26.792751,42.343719482421875,-0.2792944,0
2022-09-16 14:00:00,26.95992,39.72186279296875,-0.31596458,0
2022-09-16 15:00:00,28.59329,30.323755264282227,-0.92137337,0
2022-09-16 16:00:00,26.029814,15.583235740661621,-0.054132007,0
2022-09-16 17:00:00,24.741419,10.180523872375488,-0.036804367,0
2022-09-16 18:00:00,24.108215,9.726548194885254,-0.060764648,0
2022-09-16 19:00:00,24.00311,10.310769081115723,-0.0905091,0
2022-09-16 20:00:00,24.147387,8.483081817626953,-0.0383093,0
2022-09-16 21:00:00,25.556742,7.988892555236816,-0.01679721,0
2022-09-16 22:00:00,24.045038,8.054415702819824,-0.020058252,0
2022-09-16 23:00:00,25.348053,8.080326080322266,-0.01308015,0
2022-09-23 00:00:00,24.038343,8.403196334838867,-0.022793582,0
2022-09-23 01:00:00,25.402538,8.0177583694458,-0.013504398,0
2022-09-23 02:00:00,24.025358,8.24091911315918,-0.022345996,0
2022-09-23 03:00:00,25.211975,8.06103229522705,-0.013504398,0
2022-09-23 04:00:00,24.018417,8.606796264648438,-0.031549484,0
2022-09-23 05:00:00,24.00116,14.52817153930664,-0.21333437,0
2022-09-23 06:00:00,24.055506,18.511978149414062,-0.060166746,0
2022-09-23 07:00:00,24.050081,29.482303619384766,-0.057952195,0
2022-09-23 08:00:00,24.41956,36.963619232177734,-0.07641108,0
2022-09-23 09:00:00,24.730251,41.52096939086914,-0.18392985,0
2022-09-23 10:00:00,25.144518,39.279396057128906,-0.08527357,0
2022-09-23 11:00:00,25.153982,42.78108215332031,-0.19057724,0
2022-09-23 12:00:00,25.597727,39.3738899230957,-0.11623913,0
2022-09-23 13:00:00,25.861422,40.71025085449219,-0.1462886,0
2022-09-23 14:00:00,26.046495,38.123870849609375,-0.14778732,0
2022-09-23 15:00:00,26.517654,32.279930114746094,-0.1794306,0
2022-09-23 16:00:00,24.840225,15.955992698669434,-0.06644613,0
2022-09-23 17:00:00,24.352972,9.994930267333984,-0.03061791,0
2022-09-23 18:00:00,24.032618,11.324249267578125,-0.114021346,0
2022-09-23 19:00:00,24.253403,10.666792869567871,-0.10237656,0
2022-09-23 20:00:00,24.049566,8.631048202514648,-0.0432415,0
2022-09-23 21:00:00,25.691574,7.916904449462891,-0.014397609,0
2022-09-23 22:00:00,24.071566,8.04195785522461,-0.019643001,0
2022-09-23 23:00:00,25.470066,8.014925956726074,-0.010900124,0
2022-09-30 00:00:00,24.025614,8.673931121826172,-0.031818077,0
2022-09-30 01:00:00,25.131054,8.220324516296387,-0.020256598,0
2022-09-30 02:00:00,24.019934,8.544515609741211,-0.032465886,0
2022-09-30 03:00:00,25.020624,8.263598442077637,-0.020256598,0
2022-09-30 04:00:00,24.018547,9.053766250610352,-0.046448484,0
2022-09-30 05:00:00,23.843798,14.253268241882324,-0.20417096,0
2022-09-30 06:00:00,24.226524,21.094066619873047,-0.14623636,0
2022-09-30 07:00:00,24.127306,31.329069137573242,-0.11951102,0
2022-09-30 08:00:00,24.15387,38.538291931152344,-0.12890019,0
2022-09-30 09:00:00,24.534986,43.818851470947266,-0.26052594,0
2022-09-30 10:00:00,25.396694,41.55831527709961,-0.16123763,0
2022-09-30 11:00:00,25.252953,42.329750061035156,-0.17553288,0
2022-09-30 12:00:00,25.586668,39.028526306152344,-0.10472705,0
2022-09-30 13:00:00,25.892967,40.7454833984375,-0.14746313,0
2022-09-30 14:00:00,25.805698,42.47663116455078,-0.29260918,0
2022-09-30 15:00:00,26.10462,32.13827896118164,-0.1425813,0
2022-09-30 16:00:00,24.823168,16.280527114868164,-0.07726395,0
2022-09-30 17:00:00,24.07474,10.451939582824707,-0.04585155,0
2022-09-30 18:00:00,24.25606,11.998491287231445,-0.13649611,0
2022-09-30 19:00:00,24.377934,11.467556953430176,-0.12906869,0
2022-09-30 20:00:00,24.223059,8.307600975036621,-0.032459937,0
2022-09-30 21:00:00,25.460531,8.089675903320312,-0.020156654,0
2022-09-30 22:00:00,24.026966,8.190288543701172,-0.02458736,0
2022-09-30 23:00:00,25.202837,8.080326080322266,-0.01308015,0
2022-10-07 00:00:00,24.08047,8.429710388183594,-0.02367741,0
2022-10-07 01:00:00,25.53161,8.0177583694458,-0.013504398,0
2022-10-07 02:00:00,24.063236,8.362526893615723,-0.026399579,0
2022-10-07 03:00:00,25.406075,8.142059326171875,-0.01620528,0
2022-10-07 04:00:00,24.021803,8.607955932617188,-0.03158813,0
2022-10-07 05:00:00,24.002407,14.47286605834961,-0.21149085,0
2022-10-07 06:00:00,24.127491,18.470291137695312,-0.058777202,0
2022-10-07 07:00:00,24.47901,29.439939498901367,-0.056540035,0
2022-10-07 08:00:00,25.214796,37.54717254638672,-0.09586289,0
2022-10-07 09:00:00,25.58428,41.802188873291016,-0.19330384,0
2022-10-07 10:00:00,26.724035,38.98264694213867,-0.14091036,0
2022-10-07 11:00:00,26.103415,42.95189666748047,-0.1976079,0
2022-10-07 12:00:00,26.632986,38.418174743652344,-0.1344659,0
2022-10-07 13:00:00,27.02986,38.88992691040039,-0.21818751,0
2022-10-07 14:00:00,27.43568,38.24359130859375,-0.40915513,0
2022-10-07 15:00:00,28.426142,31.514677047729492,-0.8561969,0
2022-10-07 16:00:00,26.42956,16.16385841369629,-0.09644017,0
2022-10-07 17:00:00,25.041151,10.051260948181152,-0.032495596,0
2022-10-07 18:00:00,24.64102,10.052680015563965,-0.07163573,0
2022-10-07 19:00:00,24.259424,9.77802562713623,-0.07275097,0
2022-10-07 20:00:00,24.032133,8.57026195526123,-0.041215286,0
2022-10-07 21:00:00,25.974834,7.916904449462891,-0.014397609,0
2022-10-07 22:00:00,24.108225,8.012001991271973,-0.018644473,0
2022-10-07 23:00:00,25.812567,8.014925956726074,-0.010900124,0
2022-10-14 00:00:00,24.034098,8.68021297454834,-0.032027487,0
2022-10-14 01:00:00,25.302212,8.220324516296387,-0.020256598,0
2022-10-14 02:00:00,24.026262,8.539448738098145,-0.032296978,0
2022-10-14 03:00:00,25.143011,8.263598442077637,-0.020256598,0
2022-10-14 04:00:00,24.091875,9.073186874389648,-0.04709584,0
2022-10-14 05:00:00,24.001389,14.054898262023926,-0.19755861,0
2022-10-14 06:00:00,23.996445,22.899242401123047,-0.20640886,0
2022-10-14 07:00:00,24.571474,34.01532745361328,-0.209053,0
2022-10-14 08:00:00,24.408838,39.32465744018555,-0.15511237,0
2022-10-14 09:00:00,24.397293,40.76918029785156,-0.15887018,0
2022-10-14 10:00:00,25.054764,41.38615417480469,-0.15549889,0
2022-10-14 11:00:00,25.183474,42.317481994628906,-0.17512396,0
2022-10-14 12:00:00,25.831556,38.81049728393555,-0.097459376,0
2022-10-14 13:00:00,25.930288,40.709651947021484,-0.1462687,0
2022-10-14 14:00:00,25.889793,39.64512688939166,-0.5,0
2022-10-14 15:00:00,26.848518,32.423248291015625,-0.24071014,0
2022-10-14 16:00:00,24.960514,16.02842903137207,-0.06886071,0
2022-10-14 17:00:00,24.321611,10.42784309387207,-0.045048334,0
2022-10-14 18:00:00,24.043743,11.063996315002441,-0.10534626,0
2022-10-14 19:00:00,24.001795,11.874578475952148,-0.14263606,0
2022-10-14 20:00:00,24.067314,8.56106948852539,-0.040908866,0
2022-10-14 21:00:00,25.639622,7.988892555236816,-0.01679721,0
2022-10-14 22:00:00,24.08975,8.204611778259277,-0.02506479,0
2022-10-14 23:00:00,25.409132,8.080326080322266,-0.01308015,0
2022-10-21 00:00:00,24.027311,8.506304740905762,-0.02623053,0
2022-10-21 01:00:00,25.354816,8.098785400390625,-0.01620528,0
2022-10-21 02:00:00,24.03203,8.526163101196289,-0.031854123,0
2022-10-21 03:00:00,25.188354,8.263598442077637,-0.020256598,0
2022-10-21 04:00:00,24.067326,8.78519058227539,-0.03749595,0
2022-10-21 05:00:00,24.00109,14.134291648864746,-0.20020506,0
2022-10-21 06:00:00,24.156324,19.27177619934082,-0.08549332,0
2022-10-21 07:00:00,24.070768,31.14033317565918,-0.11321981,0
2022-10-21 08:00:00,24.676344,37.914703369140625,-0.108113796,0
2022-10-21 09:00:00,25.128593,41.48432159423828,-0.18270825,0
2022-10-21 10:00:00,25.739397,40.45068359375,-0.12431651,0
2022-10-21 11:00:00,25.764153,42.825992584228516,-0.19207434,0
2022-10-21 12:00:00,26.007626,40.25502014160156,-0.14561749,0
2022-10-21 13:00:00,25.858608,42.73128208299967,-0.5,0
2022-10-21 14:00:00,25.929852,39.64512688939166,-0.5,0
2022-10-21 15:00:00,26.336008,32.050235748291016,-0.15239109,0
2022-10-21 16:00:00,24.875067,16.12964630126953,-0.0722346,0
2022-10-21 17:00:00,24.261705,11.053116798400879,-0.06589079,0
2022-10-21 18:00:00,24.032585,12.27658462524414,-0.14576589,0
2022-10-21 19:00:00,24.406126,11.735101699829102,-0.13798685,0
2022-10-21 20:00:00,24.268635,8.332233428955078,-0.033281002,0
2022-10-21 21:00:00,25.734491,7.988892555236816,-0.01679721,0
2022-10-21 22:00:00,24.07851,8.077325820922852,-0.020821905,0
2022-10-21 23:00:00,25.481867,8.080326080322266,-0.01308015,0
2022-10-28 00:00:00,24.074667,8.57118034362793,-0.028393053,0
2022-10-28 01:00:00,25.60216,8.098785400390625,-0.01620528,0
2022-10-28 02:00:00,24.076221,8.577913284301758,-0.033579115,0
2022-10-28 03:00:00,25.442389,8.263598442077637,-0.020256598,0
2022-10-28 04:00:00,24.031355,8.860772132873535,-0.040015344,0
2022-10-28 05:00:00,23.998503,14.586244583129883,-0.21527016,0
2022-10-28 06:00:00,24.007275,20.03251075744629,-0.110851154,0
2022-10-28 07:00:00,24.38341,31.403465270996094,-0.12199088,0
2022-10-28 08:00:00,24.75464,40.11526107788086,-0.18146582,0
2022-10-28 09:00:00,25.207497,44.48248291015625,-0.282647,0
2022-10-28 10:00:00,25.829151,42.061588287353516,-0.17801331,0
2022-10-28 11:00:00,25.874735,42.86499786376953,-0.1933745,0
2022-10-28 12:00:00,26.418247,40.286800384521484,-0.16853589,0
2022-10-28 13:00:00,26.624767,40.747222900390625,-0.19631281,0
2022-10-28 14:00:00,26.519917,39.64512688939166,-0.53378916,0
2022-10-28 15:00:00,27.38082,32.64617156982422,-0.3964756,0
2022-10-28 16:00:00,24.829165,15.2864990234375,-0.044129707,0
2022-10-28 17:00:00,24.626362,11.106256484985352,-0.06766211,0
2022-10-28 18:00:00,24.236078,11.27040958404541,-0.11222672,0
2022-10-28 19:00:00,24.086449,12.223724365234375,-0.15427428,0
2022-10-28 20:00:00,24.000765,8.614497184753418,-0.04268981,0
2022-10-28 21:00:00,25.826696,7.916904449462891,-0.014397609,0
2022-10-28 22:00:00,24.083061,8.228800773620605,-0.025871076,0
2022-10-28 23:00:00,25.650488,8.080326080322266,-0.01308015,0
2022-11-04 00:00:00,24.080622,8.755037307739258,-0.034521617,0
2022-11-04 01:00:00,25.4576,8.220324516296387,-0.020256598,0
2022-11-04 02:00:00,24.032639,8.599065780639648,-0.034284223,0
2022-11-04 03:00:00,25.42916,8.263598442077637,-0.020256598,0
2022-11-04 04:00:00,24.028904,8.845171928405762,-0.039495327,0
2022-11-04 05:00:00,23.99933,14.2008056640625,-0.20242219,0
2022-11-04 06:00:00,23.993929,29.092426300048828,-0.41284835,0
2022-11-04 07:00:00,24.269014,31.383102416992188,-0.121312104,0
2022-11-04 08:00:00,24.78521,38.555023193359375,-0.12945789,0
2022-11-04 09:00:00,25.152359,43.801979064941406,-0.25996342,0
2022-11-04 10:00:00,25.554737,44.17024230957031,-0.2483018,0
2022-11-04 11:00:00,25.86455,42.43477249145508,-0.17903368,0
2022-11-04 12:00:00,26.073132,40.13197708129883,-0.14217721,0
2022-11-04 13:00:00,25.996178,44.88747787475586,-0.28552952,0
2022-11-04 14:00:00,25.931238,42.25861358642578,-0.28534192,0
2022-11-04 15:00:00,25.222876,32.037086486816406,-0.13784014,0
2022-11-04 16:00:00,24.691269,16.32797622680664,-0.07884557,0
2022-11-04 17:00:00,24.185724,11.230765342712402,-0.07181241,0
2022-11-04 18:00:00,24.013363,11.767824172973633,-0.1288072,0
2022-11-04 19:00:00,23.999702,15.035768508911133,-0.24800906,0
2022-11-04 20:00:00,24.33593,8.45641803741455,-0.03742049,0
2022-11-04 21:00:00,25.685093,8.089675903320312,-0.020156654,0
2022-11-04 22:00:00,24.076803,8.204404830932617,-0.02505787,0
2022-11-04 23:00:00,25.512615,8.178427696228027,-0.016350187,0
2022-11-11 00:00:00,26.448883,7.999677658081055,-0.034529965,0
2022-11-11 01:00:00,24.229475,8.302539825439453,-0.022997107,0
2022-11-11 02:00:00,26.252674,7.8975419998168945,-0.018880613,0
2022-11-11 03:00:00,24.21647,8.314356803894043,-0.021948552,0
2022-11-11 04:00:00,26.05243,7.987314224243164,-0.01124369,0
2022-11-11 05:00:00,24.2383,8.89404582977295,-0.025530202,0
2022-11-11 06:00:00,26.351732,16.945222854614258,-0.023406032,0
2022-11-11 07:00:00,24.423204,28.767526626586914,-0.034126252,0
2022-11-11 08:00:00,27.341507,34.84415817260742,-0.2307175,0
2022-11-11 09:00:00,25.658964,37.33213806152344,-0.044302136,0
2022-11-11 10:00:00,28.633236,36.911346435546875,-0.8730801,0
2022-11-11 11:00:00,26.291636,37.912200927734375,-0.038912725,0
2022-11-11 12:00:00,29.354628,36.04518127441406,-1.411973,0
2022-11-11 13:00:00,26.858713,37.71168518066406,-0.13851008,0
2022-11-11 14:00:00,29.580921,33.8712272644043,-1.6086369,0
2022-11-11 15:00:00,26.332382,28.896827697753906,-0.04697454,0
2022-11-11 16:00:00,29.032541,14.15296745300293,-1.1558836,0
2022-11-11 17:00:00,25.324116,9.678047180175781,-0.02005515,0
2022-11-11 18:00:00,27.59675,8.200346946716309,-0.3285927,0
2022-11-11 19:00:00,24.543156,8.102387428283691,-0.016896369,0
2022-11-11 20:00:00,26.87504,7.630540370941162,-0.105603136,0
2022-11-11 21:00:00,24.356453,8.123383522033691,-0.021280246,0
2022-11-11 22:00:00,26.54054,7.749405384063721,-0.046414275,0
2022-11-11 23:00:00,24.238142,8.379535675048828,-0.023053803,0
2022-11-18 00:00:00,25.780895,8.205548286437988,-0.01620534,0
2022-11-18 01:00:00,24.07957,8.404711723327637,-0.026402848,0
2022-11-18 02:00:00,25.582603,8.178237915039062,-0.020256598,0
2022-11-18 03:00:00,24.0375,8.61307144165039,-0.03190568,0
2022-11-18 04:00:00,25.434559,8.268009185791016,-0.020256598,0
2022-11-18 05:00:00,24.027836,9.094804763793945,-0.03222219,0
2022-11-18 06:00:00,23.999088,22.990558624267578,-0.20945278,0
2022-11-18 07:00:00,24.559284,30.218536376953125,-0.0824933,0
2022-11-18 08:00:00,25.313988,38.650352478027344,-0.13263552,0
2022-11-18 09:00:00,26.088333,40.25501251220703,-0.14270663,0
2022-11-18 10:00:00,26.689072,41.05636215209961,-0.20385832,0
2022-11-18 11:00:00,27.616932,42.63277053833008,-0.51244223,0
2022-11-18 12:00:00,27.600718,38.83610916137695,-0.4186002,0
2022-11-18 13:00:00,27.815903,39.889190673828125,-0.53110784,0
2022-11-18 14:00:00,27.839094,42.6920280456543,-0.72257245,0
2022-11-18 15:00:00,27.46499,32.40795135498047,-0.418477,0
2022-11-18 16:00:00,28.667227,17.630783081054688,-1.0115348,0
2022-11-18 17:00:00,25.58111,10.567547798156738,-0.049705166,0
2022-11-18 18:00:00,25.222658,10.78108024597168,-0.09591572,0
2022-11-18 19:00:00,24.760668,10.755851745605469,-0.10534516,0
2022-11-18 20:00:00,24.586512,11.699042320251465,-0.14550796,0
2022-11-18 21:00:00,24.286713,9.012245178222656,-0.050908946,0
2022-11-18 22:00:00,26.28316,7.884596347808838,-0.024420004,0
2022-11-18 23:00:00,24.236952,8.370254516601562,-0.022744415,0
2022-11-25 00:00:00,26.003927,8.124520301818848,-0.013506326,0
2022-11-25 01:00:00,24.154964,8.430401802062988,-0.027259173,0
2022-11-25 02:00:00,25.774525,8.056697845458984,-0.01620528,0
2022-11-25 03:00:00,24.10096,8.445106506347656,-0.026306856,0
2022-11-25 04:00:00,25.650318,8.146470069885254,-0.01620528,0
2022-11-25 05:00:00,24.064026,9.10107135772705,-0.03243105,0
2022-11-25 06:00:00,23.99897,18.157939910888672,-0.04836547,0
2022-11-25 07:00:00,24.924576,29.44314956665039,-0.05664703,0
2022-11-25 08:00:00,25.531223,38.682003021240234,-0.13369054,0
2022-11-25 09:00:00,25.987036,41.401405334472656,-0.17994434,0
2022-11-25 10:00:00,26.562742,42.35403823852539,-0.22734651,0
2022-11-25 11:00:00,27.290548,42.592506408691406,-0.39248088,0
2022-11-25 12:00:00,27.204653,39.32129669189453,-0.29588455,0
2022-11-25 13:00:00,27.168015,42.0569953918457,-0.36171243,0
2022-11-25 14:00:00,27.092735,39.46533966064453,-0.34149158,0
2022-11-25 15:00:00,26.810469,36.493080139160156,-0.36848065,0
2022-11-25 16:00:00,26.51386,18.51001739501953,-0.18458688,0
2022-11-25 17:00:00,25.35722,10.17729663848877,-0.036696773,0
2022-11-25 18:00:00,25.024612,10.544316291809082,-0.088023596,0
2022-11-25 19:00:00,24.67249,10.428754806518555,-0.09444195,0
2022-11-25 20:00:00,24.479036,11.426158905029297,-0.13641186,0
2022-11-25 21:00:00,24.17195,8.922112464904785,-0.04790454,0
2022-11-25 22:00:00,26.106056,7.956584453582764,-0.018203199,0
2022-11-25 23:00:00,24.173105,8.431999206542969,-0.024802584,0
2022-12-02 00:00:00,26.180948,8.205548286437988,-0.020298125,0
2022-12-02 01:00:00,24.153156,8.498099327087402,-0.029515762,0
2022-12-02 02:00:00,25.96899,8.056697845458984,-0.01620528,0
2022-12-02 03:00:00,24.154484,8.511816024780273,-0.028530532,0
2022-12-02 04:00:00,25.873034,8.146470069885254,-0.01620528,0
2022-12-02 05:00:00,24.093382,9.005267143249512,-0.029237576,0
2022-12-02 06:00:00,24.063858,19.54368019104004,-0.094556786,0
2022-12-02 07:00:00,25.152784,29.92470359802246,-0.072698854,0
2022-12-02 08:00:00,25.842808,38.89409255981445,-0.14076018,0
2022-12-02 09:00:00,26.887129,40.39287185668945,-0.24470125,0
2022-12-02 10:00:00,27.183477,45.497413635253906,-0.4676182,0
2022-12-02 11:00:00,28.712654,40.51544189453125,-1.0348675,0
2022-12-02 12:00:00,28.292173,39.48566818237305,-0.77672243,0
2022-12-02 13:00:00,28.204426,42.278663635253906,-0.8060057,0
2022-12-02 14:00:00,28.199453,39.65789031982422,-0.80335045,0
2022-12-02 15:00:00,28.120243,33.86091613769531,-0.76056325,0
2022-12-02 16:00:00,28.24131,18.707921981811523,-0.78611094,0
2022-12-02 17:00:00,26.363039,10.565465927124023,-0.06611043,0
2022-12-02 18:00:00,25.793459,12.18671703338623,-0.14277029,0
2022-12-02 19:00:00,25.417206,10.453221321105957,-0.09525749,0
2022-12-02 20:00:00,25.092579,10.711038589477539,-0.11257449,0
2022-12-02 21:00:00,24.944393,8.832526206970215,-0.044918317,0
2022-12-02 22:00:00,27.003353,7.884596347808838,-0.14023729,0
2022-12-02 23:00:00,24.406979,8.42332649230957,-0.024513476,0
2022-12-09 00:00:00,25.778439,8.205548286437988,-0.01620534,0
2022-12-09 01:00:00,24.114437,8.683694839477539,-0.035702266,0
2022-12-09 02:00:00,25.64463,8.056697845458984,-0.01620528,0
2022-12-09 03:00:00,24.09445,8.732691764831543,-0.03589304,0
2022-12-09 04:00:00,25.578163,8.268009185791016,-0.020256598,0
2022-12-09 05:00:00,24.040377,9.16739273071289,-0.03464178,0
2022-12-09 06:00:00,24.278555,23.672130584716797,-0.23217183,0
2022-12-09 07:00:00,24.481915,32.668121337890625,-0.16414613,0
2022-12-09 08:00:00,24.895445,39.78876876831055,-0.17058265,0
2022-12-09 09:00:00,25.22062,41.54059600830078,-0.1845841,0
2022-12-09 10:00:00,25.524136,42.28369903564453,-0.185417,0
2022-12-09 11:00:00,26.161491,42.42964553833008,-0.18212265,0
2022-12-09 12:00:00,26.336052,41.64070510864258,-0.20591605,0
2022-12-09 13:00:00,26.648268,42.16600036621094,-0.24734512,0
2022-12-09 14:00:00,26.433416,39.64512688939166,-0.5234812,0
2022-12-09 15:00:00,26.258862,32.825744937105846,-0.5083762,0
2022-12-09 16:00:00,25.935984,17.13817596435547,-0.105852224,0
2022-12-09 17:00:00,24.820452,10.950360298156738,-0.062465567,0
2022-12-09 18:00:00,24.46974,12.756156921386719,-0.16175163,0
2022-12-09 19:00:00,24.313868,16.69207000732422,-0.30321908,0
2022-12-09 20:00:00,24.075296,15.968673706054688,-0.287829,0
2022-12-09 21:00:00,24.31411,8.569427490234375,-0.036148366,0
2022-12-09 22:00:00,25.9409,7.956584453582764,-0.01679721,0
2022-12-09 23:00:00,24.151155,8.533586502075195,-0.028188813,0
2022-12-16 00:00:00,27.154758,8.066645622253418,-0.17825863,0
2022-12-16 01:00:00,24.567156,8.504790306091309,-0.029738782,0
2022-12-16 02:00:00,26.805769,7.917795658111572,-0.09273315,0
2022-12-16 03:00:00,24.363016,8.503827095031738,-0.028264217,0
2022-12-16 04:00:00,26.550407,8.065443992614746,-0.051372938,0
2022-12-16 05:00:00,24.271687,9.152152061462402,-0.034133755,0
2022-12-16 06:00:00,24.574516,19.69830322265625,-0.09971094,0
2022-12-16 07:00:00,25.349857,31.885324478149414,-0.13805288,0
2022-12-16 08:00:00,25.89451,40.35908508300781,-0.18959326,0
2022-12-16 09:00:00,26.617422,41.8014030456543,-0.24092883,0
2022-12-16 10:00:00,27.150366,42.56980895996094,-0.3603717,0
2022-12-16 11:00:00,27.885351,42.71464157104492,-0.63268125,0
2022-12-16 12:00:00,27.90967,40.30529022216797,-0.6031407,0
2022-12-16 13:00:00,27.98311,42.27108383178711,-0.6899073,0
2022-12-16 14:00:00,27.96831,42.62480163574219,-0.7818283,0
2022-12-16 15:00:00,27.823133,32.825744937105846,-0.9154769,0
2022-12-16 16:00:00,28.619587,18.77373695373535,-1.0181504,0
2022-12-16 17:00:00,25.994768,10.43942642211914,-0.045434427,0
2022-12-16 18:00:00,25.670492,11.084453582763672,-0.10602818,0
2022-12-16 19:00:00,25.164125,10.76403522491455,-0.105617955,0
2022-12-16 20:00:00,24.99655,11.91314697265625,-0.15264478,0
2022-12-16 21:00:00,24.743176,8.846794128417969,-0.04539393,0
2022-12-16 22:00:00,26.854555,7.884596347808838,-0.10568067,0
2022-12-16 23:00:00,24.442436,8.43124008178711,-0.024777265,0
2022-12-23 00:00:00,27.19983,8.066645622253418,-0.19152397,0
2022-12-23 01:00:00,24.61882,8.50979995727539,-0.029905763,0
2022-12-23 02:00:00,26.89228,7.975671291351318,-0.11302498,0
2022-12-23 03:00:00,24.34235,8.502817153930664,-0.028230548,0
2022-12-23 04:00:00,26.61477,8.065443992614746,-0.060747303,0
2022-12-23 05:00:00,24.289915,9.072205543518066,-0.03146888,0
2022-12-23 06:00:00,24.82882,19.73138999938965,-0.100813806,0
2022-12-23 07:00:00,25.97996,30.210641860961914,-0.08223011,0
2022-12-23 08:00:00,27.201933,36.865455627441406,-0.2537193,0
2022-12-23 09:00:00,27.825851,40.3936767578125,-0.56307006,0
2022-12-23 10:00:00,28.424309,41.14643478393555,-0.88216734,0
2022-12-23 11:00:00,29.502974,41.3785285949707,-1.6776785,0
2022-12-23 12:00:00,29.306208,38.86924743652344,-1.465794,0
2022-12-23 13:00:00,29.65292,38.89733123779297,-1.7538358,0
2022-12-23 14:00:00,30.04246,36.732421875,-2.1438203,0
2022-12-23 15:00:00,29.629473,36.923770904541016,-1.9473635,0
2022-12-23 16:00:00,29.721134,18.755367279052734,-1.8906137,0
2022-12-23 17:00:00,28.120888,10.37674617767334,-0.6056157,0
2022-12-23 18:00:00,27.251022,10.628024101257324,-0.28644598,0
2022-12-23 19:00:00,26.880198,12.007509231567383,-0.24391055,0
2022-12-23 20:00:00,26.236761,11.521167755126953,-0.14658578,0
2022-12-23 21:00:00,25.959997,11.491512298583984,-0.1335512,0
2022-12-23 22:00:00,28.236399,7.830605506896973,-0.6377828,0
2022-12-23 23:00:00,25.170227,8.413506507873535,-0.024186157,0
2022-12-30 00:00:00,26.050318,8.205548286437988,-0.016521825,0
2022-12-30 01:00:00,24.113934,8.514070510864258,-0.030048132,0
2022-12-30 02:00:00,25.603172,8.178237915039062,-0.020256598,0
2022-12-30 03:00:00,24.038054,8.74233627319336,-0.03621452,0
2022-12-30 04:00:00,25.473417,8.268009185791016,-0.020256598,0
2022-12-30 05:00:00,24.035498,9.251132011413574,-0.037433077,0
2022-12-30 06:00:00,23.997755,23.55023765563965,-0.2281087,0
2022-12-30 07:00:00,24.458887,30.71279525756836,-0.09896857,0
2022-12-30 08:00:00,24.840487,39.94209671020508,-0.17569365,0
2022-12-30 09:00:00,25.06058,40.68437957763672,-0.15604354,0
2022-12-30 10:00:00,25.29148,44.53778076171875,-0.26055306,0
2022-12-30 11:00:00,26.171959,42.18074035644531,-0.1742622,0
2022-12-30 12:00:00,25.933105,44.7956657409668,-0.296965,0
2022-12-30 13:00:00,26.731407,39.93391799926758,-0.18728045,0
2022-12-30 14:00:00,26.327084,39.617591857910156,-0.21068084,0
2022-12-30 15:00:00,26.135551,32.825744937105846,-0.50229675,0
2022-12-30 16:00:00,26.539639,16.434593200683594,-0.118800715,0
2022-12-30 17:00:00,24.453344,10.595331192016602,-0.050631255,0
2022-12-30 18:00:00,24.402376,12.99063491821289,-0.16956757,0
2022-12-30 19:00:00,24.255375,12.535606384277344,-0.16467032,0
2022-12-30 20:00:00,24.117495,16.41914176940918,-0.3028446,0
2022-12-30 21:00:00,24.39496,8.715453147888184,-0.041015893,0
2022-12-30 22:00:00,26.148958,7.956584453582764,-0.019570777,0
